True_x,Input_y,Predicted_x
20.0,921.6338,20.529123306274414
20.0,921.5217,20.51955795288086
20.0,921.6076,20.52689552307129
20.0,921.6045,20.526622772216797
20.0,921.5176,20.519210815429688
20.0,921.635,20.529220581054688
20.0,921.5777,20.524333953857422
20.0,921.6014,20.5263671875
20.0,921.6752,20.532638549804688
20.0,921.6144,20.527463912963867
20.0,921.7005,20.534828186035156
20.0,921.5568,20.522554397583008
20.0,921.4764,20.51569175720215
20.0,921.5202,20.519432067871094
20.0,921.7064,20.535327911376953
20.0,921.487,20.516592025756836
20.0,921.6408,20.52971649169922
20.0,921.6505,20.530546188354492
20.0,921.5635,20.52311897277832
20.0,921.5397,20.521099090576172
20.0,921.6409,20.52972412109375
20.0,921.4902,20.516870498657227
20.0,921.4217,20.51102066040039
20.0,921.528,20.520097732543945
20.0,921.6602,20.531375885009766
20.0,921.7558,20.53952407836914
20.0,921.5314,20.520401000976562
20.0,921.4532,20.51369857788086
20.0,921.6301,20.528812408447266
20.0,921.5823,20.52474594116211
20.0,921.6825,20.533275604248047
20.0,921.4804,20.516035079956055
20.0,921.5675,20.523462295532227
20.0,921.7622,20.540077209472656
20.0,921.6297,20.528759002685547
20.0,921.6931,20.534198760986328
20.0,921.5402,20.52114486694336
20.0,921.5613,20.5229434967041
20.0,921.4804,20.516035079956055
20.0,921.6676,20.532005310058594
20.0,921.5214,20.519535064697266
20.0,921.6279,20.52860450744629
20.0,921.6897,20.533889770507812
20.0,921.5482,20.521831512451172
20.0,921.7385,20.538049697875977
20.0,921.5221,20.519582748413086
20.0,921.795,20.54287338256836
20.0,921.6225,20.528162002563477
20.0,921.6406,20.52971649169922
20.0,921.6208,20.52801513671875
27.451,948.4707,26.375810623168945
27.451,948.4528,26.370609283447266
27.451,948.307,26.328277587890625
27.451,948.6113,26.416637420654297
27.451,948.3693,26.346342086791992
27.451,948.4961,26.383188247680664
27.451,948.4904,26.381534576416016
27.451,948.2798,26.32038116455078
27.451,948.5856,26.4091796875
27.451,948.3181,26.331485748291016
27.451,948.6347,26.423431396484375
27.451,948.399,26.35498809814453
27.451,948.4136,26.35922622680664
27.451,948.368,26.34598731994629
27.451,948.4307,26.364187240600586
27.451,948.3145,26.3304443359375
27.451,948.483,26.379379272460938
27.451,948.2835,26.32145118713379
27.451,948.4339,26.365135192871094
27.451,948.1883,26.293806076049805
27.451,948.3716,26.347028732299805
27.451,948.4547,26.371152877807617
27.451,948.3268,26.334014892578125
27.451,948.366,26.34540367126465
27.451,948.3951,26.353843688964844
27.451,948.3962,26.354183197021484
27.451,948.5673,26.403841018676758
27.451,948.3358,26.336627960205078
27.451,948.2793,26.32022476196289
27.451,948.5561,26.40060806274414
27.451,948.3736,26.347610473632812
27.451,948.4611,26.373016357421875
27.451,948.5108,26.387454986572266
27.451,948.3539,26.34188461303711
27.451,948.5163,26.389049530029297
27.451,948.2634,26.31559944152832
27.451,948.397,26.354402542114258
27.451,948.2557,26.31337547302246
27.451,948.2891,26.323074340820312
27.451,948.4619,26.37326431274414
27.451,948.3344,26.33624839782715
27.451,948.4418,26.367401123046875
27.451,948.5174,26.389368057250977
27.451,948.417,26.36019515991211
27.451,948.3249,26.333473205566406
27.451,948.5819,26.408096313476562
27.451,948.3643,26.344907760620117
27.451,948.4353,26.365520477294922
27.451,948.3452,26.3393497467041
27.451,948.5682,26.40411949157715
34.902,974.9514,34.065589904785156
34.902,974.7392,34.00395965576172
34.902,974.7275,34.00056076049805
34.902,974.9199,34.056434631347656
34.902,974.7878,34.01808547973633
34.902,974.7919,34.01926803588867
34.902,974.8398,34.03318405151367
34.902,974.9827,34.07468032836914
34.902,974.7723,34.013587951660156
34.902,974.9097,34.053466796875
34.902,974.8026,34.02238464355469
34.902,974.7338,34.00239562988281
34.902,974.8417,34.03371810913086
34.902,974.8839,34.04598617553711
34.902,974.8549,34.03756332397461
34.902,974.8985,34.050228118896484
34.902,974.732,34.00187301635742
34.902,974.726,34.00013732910156
34.902,974.9026,34.05141067504883
34.902,974.6975,33.99184799194336
34.902,975.0126,34.08336639404297
34.902,974.8687,34.04155731201172
34.902,974.8934,34.04874038696289
34.902,974.7767,34.01485824584961
34.902,974.7476,34.006412506103516
34.902,974.8243,34.02867126464844
34.902,974.8606,34.03919982910156
34.902,974.7657,34.01165008544922
34.902,974.769,34.01262283325195
34.902,974.7814,34.0162353515625
34.902,974.9059,34.05237579345703
34.902,974.9063,34.052490234375
34.902,974.9631,34.06898498535156
34.902,974.9296,34.05925369262695
34.902,974.7239,33.999534606933594
34.902,974.7894,34.0185546875
34.902,974.7867,34.017757415771484
34.902,974.7648,34.01140594482422
34.902,974.894,34.04891586303711
34.902,974.9842,34.07509994506836
34.902,974.7172,33.9975700378418
34.902,974.7451,34.005680084228516
34.902,974.8447,34.03459548950195
34.902,974.9053,34.05220413208008
34.902,974.7603,34.010101318359375
34.902,974.7676,34.01221466064453
34.902,974.8732,34.04287338256836
34.902,974.858,34.0384635925293
34.902,974.7758,34.014583587646484
34.902,974.7749,34.01432418823242
42.3529,1000.8648,41.59061813354492
42.3529,1000.8411,41.58373260498047
42.3529,1000.8812,41.59539031982422
42.3529,1000.8718,41.5926513671875
42.3529,1000.8253,41.57915115356445
42.3529,1000.8166,41.576629638671875
42.3529,1000.8447,41.58478927612305
42.3529,1000.9569,41.61737060546875
42.3529,1000.8074,41.57395935058594
42.3529,1000.8303,41.58060836791992
42.3529,1000.7737,41.56416320800781
42.3529,1000.7699,41.56306838989258
42.3529,1000.6518,41.528770446777344
42.3529,1000.7962,41.57071304321289
42.3529,1000.7181,41.54803466796875
42.3529,1000.8388,41.583072662353516
42.3529,1000.8816,41.59550094604492
42.3529,1000.8093,41.57451248168945
42.3529,1000.9173,41.60586166381836
42.3529,1000.8782,41.59450912475586
42.3529,1000.8606,41.58940887451172
42.3529,1000.8287,41.58013153076172
42.3529,1000.7658,41.561885833740234
42.3529,1000.8088,41.57437515258789
42.3529,1000.8617,41.589725494384766
42.3529,1000.8954,41.599510192871094
42.3529,1000.8408,41.58365249633789
42.3529,1000.7974,41.571067810058594
42.3529,1000.9386,41.612060546875
42.3529,1000.7764,41.56494903564453
42.3529,1000.8171,41.576778411865234
42.3529,1000.8873,41.59716033935547
42.3529,1000.8575,41.58849334716797
42.3529,1000.7589,41.559871673583984
42.3529,1000.919,41.60636901855469
42.3529,1000.9428,41.61326599121094
42.3529,1000.8164,41.57658004760742
42.3529,1000.8968,41.599918365478516
42.3529,1000.9382,41.611934661865234
42.3529,1000.8313,41.58089065551758
42.3529,1000.6689,41.53373336791992
42.3529,1000.8243,41.5788688659668
42.3529,1000.8812,41.59539031982422
42.3529,1000.8541,41.587520599365234
42.3529,1000.7871,41.56806945800781
42.3529,1000.8447,41.58478927612305
42.3529,1000.9181,41.606101989746094
42.3529,1000.8294,41.58034896850586
42.3529,1000.8723,41.592803955078125
42.3529,1000.7796,41.565887451171875
49.8039,1026.4095,49.00860595703125
49.8039,1026.5722,49.05584716796875
49.8039,1026.3343,48.98675537109375
49.8039,1026.2229,48.954410552978516
49.8039,1026.6082,49.06629180908203
49.8039,1026.4081,49.00818634033203
49.8039,1026.4149,49.01016616821289
49.8039,1026.3642,48.995445251464844
49.8039,1026.413,49.00961685180664
49.8039,1026.3713,48.99750518798828
49.8039,1026.4774,49.02830505371094
49.8039,1026.2485,48.96183776855469
49.8039,1026.3232,48.98353958129883
49.8039,1026.3138,48.980812072753906
49.8039,1026.4289,49.01423263549805
49.8039,1026.3103,48.97979736328125
49.8039,1026.4045,49.00714111328125
49.8039,1026.4356,49.01617431640625
49.8039,1026.3592,48.993988037109375
49.8039,1026.4374,49.01670455932617
49.8039,1026.4635,49.02427291870117
49.8039,1026.284,48.97216033935547
49.8039,1026.4782,49.028533935546875
49.8039,1026.3976,49.00514602661133
49.8039,1026.4168,49.01072311401367
49.8039,1026.3978,49.00520324707031
49.8039,1026.3354,48.987083435058594
49.8039,1026.3607,48.99443054199219
49.8039,1026.3853,49.00157165527344
49.8039,1026.3517,48.991817474365234
49.8039,1026.5962,49.06281661987305
49.8039,1026.304,48.97796630859375
49.8039,1026.557,49.05143737792969
49.8039,1026.2958,48.97557830810547
49.8039,1026.4914,49.03238296508789
49.8039,1026.4036,49.00688934326172
49.8039,1026.3161,48.98146438598633
49.8039,1026.4665,49.025150299072266
49.8039,1026.389,49.00265121459961
49.8039,1026.3779,48.999412536621094
49.8039,1026.3071,48.97886657714844
49.8039,1026.4391,49.01719665527344
49.8039,1026.3253,48.984153747558594
49.8039,1026.367,48.996246337890625
49.8039,1026.308,48.97911834716797
49.8039,1026.4974,49.034114837646484
49.8039,1026.3068,48.97876739501953
49.8039,1026.5255,49.042293548583984
49.8039,1026.579,49.057823181152344
49.8039,1026.3699,48.99709701538086
57.2549,1051.7148,56.357032775878906
57.2549,1051.6165,56.3285026550293
57.2549,1051.7129,56.35649871826172
57.2549,1051.6144,56.327880859375
57.2549,1051.5745,56.31629180908203
57.2549,1051.6086,56.32621383666992
57.2549,1051.5604,56.312217712402344
57.2549,1051.7143,56.35689163208008
57.2549,1051.6015,56.32414627075195
57.2549,1051.4987,56.29429244995117
57.2549,1051.6509,56.33848190307617
57.2549,1051.6599,56.34111404418945
57.2549,1051.5485,56.308753967285156
57.2549,1051.5321,56.30398941040039
57.2549,1051.5408,56.3065299987793
57.2549,1051.4134,56.26952362060547
57.2549,1051.5424,56.30696487426758
57.2549,1051.5314,56.30379104614258
57.2549,1051.4746,56.287288665771484
57.2549,1051.6632,56.342071533203125
57.2549,1051.4908,56.2920036315918
57.2549,1051.6657,56.34279251098633
57.2549,1051.6636,56.342185974121094
57.2549,1051.4832,56.28978729248047
57.2549,1051.7749,56.3745002746582
57.2549,1051.5263,56.302303314208984
57.2549,1051.5156,56.299198150634766
57.2549,1051.4584,56.282588958740234
57.2549,1051.7655,56.37177658081055
57.2549,1051.7114,56.35606002807617
57.2549,1051.5629,56.31293869018555
57.2549,1051.5101,56.297611236572266
57.2549,1051.6573,56.34033203125
57.2549,1051.6165,56.3285026550293
57.2549,1051.6145,56.32791519165039
57.2549,1051.7068,56.354732513427734
57.2549,1051.6916,56.350303649902344
57.2549,1051.4296,56.27422332763672
57.2549,1051.5494,56.30902099609375
57.2549,1051.5744,56.316280364990234
57.2549,1051.5544,56.31047058105469
57.2549,1051.6059,56.32542037963867
57.2549,1051.742,56.36493682861328
57.2549,1051.5889,56.320491790771484
57.2549,1051.6193,56.32931137084961
57.2549,1051.4208,56.27166748046875
57.2549,1051.6386,56.33491897583008
57.2549,1051.571,56.315277099609375
57.2549,1051.4988,56.29432678222656
57.2549,1051.579,56.3176155090332
64.7059,1076.4138,64.53207397460938
64.7059,1076.3217,64.49877166748047
64.7059,1076.2904,64.48745727539062
64.7059,1076.3614,64.51313018798828
64.7059,1076.2296,64.4654769897461
64.7059,1076.1947,64.45285034179688
64.7059,1076.1675,64.44303131103516
64.7059,1076.1968,64.45362091064453
64.7059,1076.2963,64.4896011352539
64.7059,1076.4206,64.53453063964844
64.7059,1076.2944,64.4889144897461
64.7059,1076.3081,64.49385833740234
64.7059,1076.3121,64.49530792236328
64.7059,1076.3808,64.52013397216797
64.7059,1076.1713,64.44439697265625
64.7059,1076.3561,64.51119995117188
64.7059,1076.4368,64.54039001464844
64.7059,1076.2878,64.48651123046875
64.7059,1076.2235,64.46326446533203
64.7059,1076.3956,64.52550506591797
64.7059,1076.3817,64.52046966552734
64.7059,1076.2401,64.46927642822266
64.7059,1076.3965,64.52582550048828
64.7059,1076.3631,64.51374053955078
64.7059,1076.2345,64.46725463867188
64.7059,1076.4402,64.54161834716797
64.7059,1076.3273,64.50079345703125
64.7059,1076.2401,64.46927642822266
64.7059,1076.372,64.51695251464844
64.7059,1076.269,64.47972106933594
64.7059,1076.4591,64.54844665527344
64.7059,1076.3589,64.5122299194336
64.7059,1076.363,64.51371765136719
64.7059,1076.1938,64.45252227783203
64.7059,1076.3224,64.49901580810547
64.7059,1076.3842,64.52136993408203
64.7059,1076.2349,64.46739196777344
64.7059,1076.2928,64.48832702636719
64.7059,1076.3298,64.50170135498047
64.7059,1076.1628,64.44134521484375
64.7059,1076.4488,64.54473114013672
64.7059,1076.3003,64.49104309082031
64.7059,1076.5469,64.5802001953125
64.7059,1076.3601,64.51265716552734
64.7059,1076.4894,64.55941772460938
64.7059,1076.2907,64.48757934570312
64.7059,1076.3341,64.50325012207031
64.7059,1076.2717,64.48070526123047
64.7059,1076.4416,64.5421142578125
64.7059,1076.4355,64.53992462158203
72.1569,1100.7945,71.42990112304688
72.1569,1100.8759,71.4521484375
72.1569,1100.7197,71.40943908691406
72.1569,1100.7592,71.42021942138672
72.1569,1100.4629,71.33922576904297
72.1569,1100.6982,71.40355682373047
72.1569,1100.71,71.40677642822266
72.1569,1100.7059,71.4056625366211
72.1569,1100.7916,71.42908477783203
72.1569,1100.6229,71.38298034667969
72.1569,1100.5745,71.3697280883789
72.1569,1100.4817,71.34435272216797
72.1569,1100.6323,71.38554382324219
72.1569,1100.6706,71.3960189819336
72.1569,1100.5209,71.35509490966797
72.1569,1100.6619,71.39363098144531
72.1569,1100.7157,71.4083251953125
72.1569,1100.6886,71.40092468261719
72.1569,1100.6848,71.39990997314453
72.1569,1100.6797,71.39849853515625
72.1569,1100.6481,71.38985443115234
72.1569,1100.7037,71.40506744384766
72.1569,1100.6849,71.3999252319336
72.1569,1100.6519,71.39091491699219
72.1569,1100.626,71.3838119506836
72.1569,1100.6931,71.40215301513672
72.1569,1100.6672,71.39507293701172
72.1569,1100.6257,71.38372802734375
72.1569,1100.7147,71.4080581665039
72.1569,1100.7824,71.42656707763672
72.1569,1100.6929,71.40210723876953
72.1569,1100.6296,71.38479614257812
72.1569,1100.7426,71.41568756103516
72.1569,1100.7369,71.41413116455078
72.1569,1100.6352,71.3863296508789
72.1569,1100.6379,71.3870620727539
72.1569,1100.8421,71.4428939819336
72.1569,1100.7301,71.41228485107422
72.1569,1100.7083,71.40631103515625
72.1569,1100.7432,71.4158706665039
72.1569,1100.6194,71.38200378417969
72.1569,1100.6916,71.40174865722656
72.1569,1100.711,71.40705108642578
72.1569,1100.7601,71.42047882080078
72.1569,1100.817,71.43603515625
72.1569,1100.6965,71.40309143066406
72.1569,1100.8487,71.4447021484375
72.1569,1100.6771,71.39778900146484
72.1569,1100.7697,71.423095703125
72.1569,1100.7298,71.41218566894531
79.6078,1124.6683,78.77741241455078
79.6078,1124.5383,78.73445892333984
79.6078,1124.6619,78.77528381347656
79.6078,1124.7206,78.794677734375
79.6078,1124.4913,78.71893310546875
79.6078,1124.6199,78.76141357421875
79.6078,1124.5209,78.72870635986328
79.6078,1124.8016,78.82144165039062
79.6078,1124.4366,78.70086669921875
79.6078,1124.6416,78.76858520507812
79.6078,1124.6374,78.76719665527344
79.6078,1124.6637,78.77588653564453
79.6078,1124.5744,78.74639129638672
79.6078,1124.5839,78.74951171875
79.6078,1124.4052,78.69048309326172
79.6078,1124.6638,78.77591705322266
79.6078,1124.5709,78.74522399902344
79.6078,1124.5972,78.75392150878906
79.6078,1124.5916,78.75206756591797
79.6078,1124.573,78.74593353271484
79.6078,1124.3829,78.68312072753906
79.6078,1124.6478,78.77061462402344
79.6078,1124.7004,78.78799438476562
79.6078,1124.5419,78.73564147949219
79.6078,1124.4779,78.71449279785156
79.6078,1124.5265,78.73055267333984
79.6078,1124.5957,78.75340270996094
79.6078,1124.6074,78.75729370117188
79.6078,1124.3993,78.68855285644531
79.6078,1124.5743,78.74635314941406
79.6078,1124.6087,78.7577133178711
79.6078,1124.6379,78.7673568725586
79.6078,1124.5509,78.73861694335938
79.6078,1124.464,78.70991516113281
79.6078,1124.4427,78.70289611816406
79.6078,1124.5485,78.7378158569336
79.6078,1124.6212,78.7618408203125
79.6078,1124.6737,78.77918243408203
79.6078,1124.632,78.7654037475586
79.6078,1124.5986,78.75437927246094
79.6078,1124.4682,78.71129608154297
79.6078,1124.5724,78.74573516845703
79.6078,1124.6441,78.76940155029297
79.6078,1124.7345,78.79927062988281
79.6078,1124.5663,78.74369812011719
79.6078,1124.5077,78.72435760498047
79.6078,1124.6116,78.75868225097656
79.6078,1124.6618,78.7752456665039
79.6078,1124.5008,78.72207641601562
79.6078,1124.6243,78.76287841796875
87.0588,1148.0998,86.51771545410156
87.0588,1148.1202,86.52445983886719
87.0588,1148.0709,86.5081558227539
87.0588,1148.0414,86.49842071533203
87.0588,1148.1422,86.5317153930664
87.0588,1148.0952,86.5162124633789
87.0588,1148.1879,86.54681396484375
87.0588,1147.9208,86.45858764648438
87.0588,1148.0788,86.51078033447266
87.0588,1148.017,86.49037170410156
87.0588,1148.1444,86.53244018554688
87.0588,1148.0978,86.51705169677734
87.0588,1148.2437,86.56525421142578
87.0588,1148.0191,86.49104309082031
87.0588,1148.038,86.49729919433594
87.0588,1148.1198,86.52432250976562
87.0588,1147.972,86.47550201416016
87.0588,1148.1459,86.532958984375
87.0588,1148.0281,86.4940414428711
87.0588,1148.1168,86.52333068847656
87.0588,1148.0693,86.50765228271484
87.0588,1148.1446,86.53251647949219
87.0588,1148.1323,86.52847290039062
87.0588,1148.1346,86.52922058105469
87.0588,1148.1164,86.52320098876953
87.0588,1148.1047,86.51934051513672
87.0588,1148.0776,86.51038360595703
87.0588,1148.1022,86.51850128173828
87.0588,1148.1122,86.52182006835938
87.0588,1147.8651,86.44019317626953
87.0588,1148.0397,86.49786376953125
87.0588,1148.1608,86.53787231445312
87.0588,1148.0251,86.4930419921875
87.0588,1148.1633,86.53868865966797
87.0588,1148.1152,86.5228271484375
87.0588,1147.98,86.4781265258789
87.0588,1147.9937,86.482666015625
87.0588,1148.0657,86.5064468383789
87.0588,1148.1865,86.54634857177734
87.0588,1148.1269,86.52666473388672
87.0588,1148.2675,86.57310485839844
87.0588,1147.9825,86.47896575927734
87.0588,1148.0499,86.501220703125
87.0588,1148.0988,86.51738739013672
87.0588,1148.1776,86.54341888427734
87.0588,1148.0948,86.51604461669922
87.0588,1148.1373,86.53009796142578
87.0588,1148.0681,86.50724792480469
87.0588,1148.0079,86.48735046386719
87.0588,1147.9608,86.4718017578125
94.5098,1171.3061,94.18363952636719
94.5098,1171.2579,94.16771697998047
94.5098,1171.155,94.13372039794922
94.5098,1171.2962,94.18036651611328
94.5098,1171.2164,94.15401458740234
94.5098,1171.1651,94.1370620727539
94.5098,1171.1325,94.12629699707031
94.5098,1171.1125,94.11968994140625
94.5098,1171.1923,94.14604187011719
94.5098,1171.2238,94.15645599365234
94.5098,1170.9692,94.07234954833984
94.5098,1171.1441,94.13013458251953
94.5098,1171.1656,94.13722229003906
94.5098,1171.2893,94.1781005859375
94.5098,1171.2599,94.16837310791016
94.5098,1171.1553,94.13381958007812
94.5098,1171.1794,94.14178466796875
94.5098,1171.1468,94.13102722167969
94.5098,1171.284,94.17634582519531
94.5098,1171.2621,94.16912078857422
94.5098,1171.1373,94.12787628173828
94.5098,1171.1573,94.13448333740234
94.5098,1171.0727,94.10652923583984
94.5098,1171.148,94.13143157958984
94.5098,1171.1982,94.14799499511719
94.5098,1171.0984,94.11502838134766
94.5098,1171.358,94.2007827758789
94.5098,1171.2658,94.17033386230469
94.5098,1171.2085,94.15139770507812
94.5098,1171.2019,94.14921569824219
94.5098,1171.1643,94.1368179321289
94.5098,1171.2357,94.16038513183594
94.5098,1171.2088,94.1515121459961
94.5098,1171.1003,94.11566162109375
94.5098,1171.187,94.144287109375
94.5098,1171.2905,94.17848205566406
94.5098,1171.1575,94.13456726074219
94.5098,1171.2266,94.1573715209961
94.5098,1171.0097,94.08573150634766
94.5098,1171.2127,94.15278625488281
94.5098,1171.2505,94.16527557373047
94.5098,1171.1754,94.14045715332031
94.5098,1171.2041,94.14993286132812
94.5098,1171.185,94.14362335205078
94.5098,1171.2331,94.15953826904297
94.5098,1171.2905,94.17848205566406
94.5098,1171.1093,94.11862182617188
94.5098,1171.1893,94.14506530761719
94.5098,1171.2951,94.18000793457031
94.5098,1171.2274,94.15763854980469
101.9608,1194.0595,101.69994354248047
101.9608,1193.8588,101.63365936279297
101.9608,1193.8596,101.63391876220703
101.9608,1193.8854,101.64246368408203
101.9608,1193.9012,101.64765167236328
101.9608,1193.8469,101.62972259521484
101.9608,1193.8419,101.62805938720703
101.9608,1193.9619,101.66771697998047
101.9608,1193.854,101.63206481933594
101.9608,1193.9182,101.65326690673828
101.9608,1193.9935,101.67815399169922
101.9608,1193.9048,101.64884948730469
101.9608,1194.0214,101.6873779296875
101.9608,1193.9225,101.65469360351562
101.9608,1193.7985,101.61373901367188
101.9608,1193.844,101.62876892089844
101.9608,1193.8827,101.64155578613281
101.9608,1193.7615,101.60151672363281
101.9608,1193.8612,101.63446044921875
101.9608,1193.8401,101.62748718261719
101.9608,1193.8077,101.61676788330078
101.9608,1193.8581,101.63343811035156
101.9608,1193.9353,101.65892791748047
101.9608,1193.7632,101.60206604003906
101.9608,1194.0111,101.68396759033203
101.9608,1193.8273,101.62325286865234
101.9608,1193.9417,101.66102600097656
101.9608,1194.0196,101.68677520751953
101.9608,1193.9465,101.6626205444336
101.9608,1193.8787,101.64022827148438
101.9608,1193.8594,101.63385009765625
101.9608,1193.9063,101.64933776855469
101.9608,1193.9212,101.65426635742188
101.9608,1193.8498,101.63068389892578
101.9608,1193.8642,101.63543701171875
101.9608,1193.9822,101.67440795898438
101.9608,1193.9733,101.67147827148438
101.9608,1193.8428,101.62837219238281
101.9608,1193.8462,101.62950134277344
101.9608,1193.8536,101.63194274902344
101.9608,1193.7945,101.6124267578125
101.9608,1193.9093,101.65033721923828
101.9608,1193.9601,101.66712188720703
101.9608,1193.7691,101.60401916503906
101.9608,1193.8176,101.62005615234375
101.9608,1193.9527,101.66468811035156
101.9608,1194.002,101.68093872070312
101.9608,1193.9327,101.65806579589844
101.9608,1193.9617,101.66764068603516
101.9608,1193.8799,101.64061737060547
109.4118,1216.1994,109.01361083984375
109.4118,1216.124,108.98870086669922
109.4118,1216.0933,108.97856140136719
109.4118,1216.1905,109.01066589355469
109.4118,1216.1406,108.99418640136719
109.4118,1216.1215,108.98787689208984
109.4118,1216.0737,108.97209167480469
109.4118,1216.0388,108.96054077148438
109.4118,1216.1787,109.00678253173828
109.4118,1216.0791,108.97388458251953
109.4118,1216.2835,109.04138946533203
109.4118,1216.2522,109.03104400634766
109.4118,1216.0426,108.96179962158203
109.4118,1216.0895,108.977294921875
109.4118,1216.4003,109.07996368408203
109.4118,1216.1849,109.00881958007812
109.4118,1216.0397,108.96084594726562
109.4118,1216.0588,108.96715545654297
109.4118,1216.2439,109.02830505371094
109.4118,1216.1138,108.98533630371094
109.4118,1216.15,108.99727630615234
109.4118,1216.0567,108.96647644042969
109.4118,1216.1503,108.99738311767578
109.4118,1216.1534,108.99842071533203
109.4118,1216.0615,108.96805572509766
109.4118,1216.1376,108.99319458007812
109.4118,1216.0684,108.97034454345703
109.4118,1216.1137,108.98529052734375
109.4118,1216.22,109.0204086303711
109.4118,1216.1975,109.0129623413086
109.4118,1216.2353,109.02546691894531
109.4118,1216.1411,108.99434661865234
109.4118,1216.1905,109.01066589355469
109.4118,1216.0567,108.96647644042969
109.4118,1216.1436,108.99517822265625
109.4118,1216.2041,109.01517486572266
109.4118,1216.3406,109.06023406982422
109.4118,1216.1533,108.9983901977539
109.4118,1216.1079,108.98339080810547
109.4118,1216.0687,108.9704360961914
109.4118,1216.0346,108.95917510986328
109.4118,1216.1119,108.98468780517578
109.4118,1216.2081,109.0164794921875
109.4118,1216.1092,108.98380279541016
109.4118,1216.1919,109.0111312866211
109.4118,1216.182,109.00786590576172
109.4118,1216.0951,108.97915649414062
109.4118,1216.1132,108.9851303100586
109.4118,1216.213,109.01810455322266
109.4118,1216.1939,109.01179504394531
116.8627,1238.0102,116.31502532958984
116.8627,1238.0248,116.32013702392578
116.8627,1238.0093,116.31468963623047
116.8627,1237.9646,116.29899597167969
116.8627,1237.9319,116.28751373291016
116.8627,1237.8505,116.2589111328125
116.8627,1238.2094,116.38499450683594
116.8627,1237.9591,116.29707336425781
116.8627,1238.0967,116.34539031982422
116.8627,1238.1164,116.35231018066406
116.8627,1237.8971,116.27527618408203
116.8627,1238.0828,116.34052276611328
116.8627,1237.9591,116.29707336425781
116.8627,1238.0988,116.34613037109375
116.8627,1237.8632,116.26337432861328
116.8627,1237.91,116.27981567382812
116.8627,1238.0235,116.3196792602539
116.8627,1237.8243,116.24971008300781
116.8627,1237.8427,116.25618743896484
116.8627,1238.0743,116.33753204345703
116.8627,1237.8386,116.2547378540039
116.8627,1237.932,116.28755187988281
116.8627,1238.0304,116.32211303710938
116.8627,1238.0453,116.32734680175781
116.8627,1238.1289,116.35671997070312
116.8627,1237.8008,116.24146270751953
116.8627,1238.0398,116.32540130615234
116.8627,1237.933,116.28790283203125
116.8627,1237.8835,116.2705078125
116.8627,1237.9635,116.29859161376953
116.8627,1238.0064,116.31368255615234
116.8627,1238.1318,116.35772705078125
116.8627,1237.959,116.29701232910156
116.8627,1237.9835,116.30561828613281
116.8627,1237.9357,116.2888412475586
116.8627,1237.9392,116.29007720947266
116.8627,1238.0504,116.3291244506836
116.8627,1238.036,116.32408142089844
116.8627,1237.8577,116.26145935058594
116.8627,1238.2762,116.40845489501953
116.8627,1237.9326,116.28775787353516
116.8627,1238.1187,116.35311126708984
116.8627,1237.9826,116.30531311035156
116.8627,1237.9358,116.28886413574219
116.8627,1238.0057,116.31344604492188
116.8627,1237.9452,116.29218292236328
116.8627,1238.0184,116.31790161132812
116.8627,1238.0964,116.34528350830078
116.8627,1238.0503,116.32909393310547
116.8627,1237.9191,116.28301239013672
124.3137,1259.3931,123.8260498046875
124.3137,1259.5808,123.89197540283203
124.3137,1259.4646,123.85116577148438
124.3137,1259.3599,123.81438446044922
124.3137,1259.5465,123.87992095947266
124.3137,1259.3808,123.82173919677734
124.3137,1259.5462,123.87984466552734
124.3137,1259.4021,123.82920837402344
124.3137,1259.3819,123.82211303710938
124.3137,1259.3481,123.81024169921875
124.3137,1259.4611,123.84993743896484
124.3137,1259.4233,123.83666229248047
124.3137,1259.5799,123.89166259765625
124.3137,1259.4559,123.8481216430664
124.3137,1259.4436,123.84378051757812
124.3137,1259.5622,123.88545227050781
124.3137,1259.3556,123.81287384033203
124.3137,1259.5669,123.88711547851562
124.3137,1259.4712,123.85348510742188
124.3137,1259.372,123.81864929199219
124.3137,1259.4601,123.84957885742188
124.3137,1259.523,123.8716812133789
124.3137,1259.5559,123.88323974609375
124.3137,1259.4346,123.84062194824219
124.3137,1259.4478,123.84526062011719
124.3137,1259.3807,123.82170104980469
124.3137,1259.5067,123.86595916748047
124.3137,1259.4794,123.85638427734375
124.3137,1259.3733,123.81910705566406
124.3137,1259.4536,123.84730529785156
124.3137,1259.5369,123.87655639648438
124.3137,1259.4419,123.84318542480469
124.3137,1259.2583,123.77869415283203
124.3137,1259.5849,123.89342498779297
124.3137,1259.4667,123.85191345214844
124.3137,1259.424,123.83690643310547
124.3137,1259.546,123.87974548339844
124.3137,1259.5313,123.87459564208984
124.3137,1259.4032,123.82960510253906
124.3137,1259.4988,123.8631820678711
124.3137,1259.4038,123.8298110961914
124.3137,1259.3989,123.82809448242188
124.3137,1259.5557,123.8831787109375
124.3137,1259.354,123.81230163574219
124.3137,1259.5214,123.87112426757812
124.3137,1259.3744,123.81949615478516
124.3137,1259.4709,123.85338592529297
124.3137,1259.4595,123.84938049316406
124.3137,1259.5222,123.87139129638672
124.3137,1259.3757,123.8199234008789
131.7647,1280.5578,131.2604522705078
131.7647,1280.5043,131.24163818359375
131.7647,1280.4269,131.2144775390625
131.7647,1280.3137,131.17469787597656
131.7647,1280.4889,131.2362518310547
131.7647,1280.4816,131.23367309570312
131.7647,1280.1779,131.1269989013672
131.7647,1280.5146,131.24525451660156
131.7647,1280.4187,131.2115936279297
131.7647,1280.5016,131.24072265625
131.7647,1280.5822,131.26902770996094
131.7647,1280.4781,131.2324676513672
131.7647,1280.4311,131.21595764160156
131.7647,1280.6416,131.28990173339844
131.7647,1280.357,131.18992614746094
131.7647,1280.5537,131.25900268554688
131.7647,1280.3727,131.19541931152344
131.7647,1280.6334,131.2869873046875
131.7647,1280.4406,131.2192840576172
131.7647,1280.4163,131.21075439453125
131.7647,1280.351,131.18780517578125
131.7647,1280.345,131.18569946289062
131.7647,1280.4377,131.21827697753906
131.7647,1280.2037,131.13604736328125
131.7647,1280.405,131.20677185058594
131.7647,1280.4767,131.2319793701172
131.7647,1280.5665,131.2635040283203
131.7647,1280.5839,131.26962280273438
131.7647,1280.4672,131.22862243652344
131.7647,1280.4956,131.2386016845703
131.7647,1280.6977,131.3096160888672
131.7647,1280.5639,131.26258850097656
131.7647,1280.444,131.22048950195312
131.7647,1280.6157,131.28079223632812
131.7647,1280.6749,131.30157470703125
131.7647,1280.3781,131.19732666015625
131.7647,1280.4456,131.22103881835938
131.7647,1280.3746,131.19610595703125
131.7647,1280.3036,131.171142578125
131.7647,1280.4344,131.21710205078125
131.7647,1280.4636,131.22735595703125
131.7647,1280.4084,131.20797729492188
131.7647,1280.504,131.24154663085938
131.7647,1280.4898,131.236572265625
131.7647,1280.5449,131.2559051513672
131.7647,1280.462,131.22679138183594
131.7647,1280.3766,131.19679260253906
131.7647,1280.656,131.29495239257812
131.7647,1280.4029,131.2060546875
131.7647,1280.4046,131.20663452148438
139.2157,1301.0322,138.63223266601562
139.2157,1301.1515,138.6770782470703
139.2157,1301.1081,138.6607208251953
139.2157,1300.9912,138.61679077148438
139.2157,1301.0193,138.6273651123047
139.2157,1300.9628,138.6061248779297
139.2157,1300.9635,138.6063690185547
139.2157,1301.025,138.62950134277344
139.2157,1301.0609,138.64297485351562
139.2157,1301.0243,138.62924194335938
139.2157,1301.0871,138.65283203125
139.2157,1300.9656,138.60716247558594
139.2157,1300.9748,138.61062622070312
139.2157,1301.0957,138.65606689453125
139.2157,1300.946,138.5997772216797
139.2157,1301.0131,138.62501525878906
139.2157,1300.998,138.6193389892578
139.2157,1301.0102,138.62396240234375
139.2157,1300.9412,138.5979766845703
139.2157,1301.1068,138.66024780273438
139.2157,1301.0705,138.6466064453125
139.2157,1301.0751,138.6483154296875
139.2157,1300.9943,138.6179656982422
139.2157,1301.0329,138.63247680664062
139.2157,1301.0963,138.6562957763672
139.2157,1301.0962,138.65628051757812
139.2157,1301.0282,138.63070678710938
139.2157,1300.9369,138.59637451171875
139.2157,1300.9433,138.59878540039062
139.2157,1301.063,138.643798828125
139.2157,1300.8342,138.55776977539062
139.2157,1301.2532,138.7152862548828
139.2157,1301.0089,138.62342834472656
139.2157,1300.893,138.5798797607422
139.2157,1300.9864,138.614990234375
139.2157,1301.0639,138.6441192626953
139.2157,1301.0098,138.62379455566406
139.2157,1301.0136,138.6251983642578
139.2157,1301.2092,138.69874572753906
139.2157,1300.862,138.5682373046875
139.2157,1300.9215,138.590576171875
139.2157,1301.1693,138.68374633789062
139.2157,1301.2679,138.72079467773438
139.2157,1300.9648,138.6068572998047
139.2157,1301.0993,138.6574249267578
139.2157,1301.0763,138.64878845214844
139.2157,1301.0179,138.6268310546875
139.2157,1300.9912,138.61679077148438
139.2157,1301.0659,138.64486694335938
139.2157,1300.9637,138.60646057128906
146.6667,1321.1512,146.19598388671875
146.6667,1321.2016,146.21490478515625
146.6667,1321.272,146.2413787841797
146.6667,1321.2728,146.24168395996094
146.6667,1321.0389,146.1537628173828
146.6667,1321.2375,146.22842407226562
146.6667,1321.2086,146.2175750732422
146.6667,1321.1183,146.18359375
146.6667,1321.1259,146.1864776611328
146.6667,1321.351,146.27108764648438
146.6667,1321.3324,146.26409912109375
146.6667,1321.2034,146.21559143066406
146.6667,1321.1775,146.2058563232422
146.6667,1321.2425,146.23031616210938
146.6667,1321.1602,146.19937133789062
146.6667,1321.2668,146.23944091796875
146.6667,1321.2121,146.21884155273438
146.6667,1321.3073,146.25469970703125
146.6667,1321.1508,146.19583129882812
146.6667,1321.1947,146.2123260498047
146.6667,1321.1644,146.20094299316406
146.6667,1321.1472,146.19448852539062
146.6667,1321.2717,146.24127197265625
146.6667,1321.1412,146.19219970703125
146.6667,1321.3078,146.25485229492188
146.6667,1321.2231,146.2230224609375
146.6667,1321.0609,146.1620330810547
146.6667,1321.0224,146.14756774902344
146.6667,1321.23,146.22560119628906
146.6667,1321.2638,146.23831176757812
146.6667,1321.3166,146.25814819335938
146.6667,1321.2929,146.24923706054688
146.6667,1321.2031,146.2154998779297
146.6667,1321.2729,146.24172973632812
146.6667,1321.2169,146.22068786621094
146.6667,1321.2838,146.24581909179688
146.6667,1321.203,146.2154541015625
146.6667,1321.1709,146.20338439941406
146.6667,1321.2296,146.2254638671875
146.6667,1321.0192,146.14634704589844
146.6667,1321.1002,146.1768035888672
146.6667,1321.1924,146.2114715576172
146.6667,1321.1675,146.20211791992188
146.6667,1321.2393,146.22909545898438
146.6667,1321.242,146.23011779785156
146.6667,1321.0753,146.1674346923828
146.6667,1321.2292,146.2252960205078
146.6667,1321.1747,146.20481872558594
146.6667,1321.0933,146.17420959472656
146.6667,1321.1666,146.2017822265625
154.1176,1341.1012,153.6962127685547
154.1176,1341.0414,153.6737518310547
154.1176,1341.0588,153.68028259277344
154.1176,1340.9663,153.6455078125
154.1176,1340.7839,153.57693481445312
154.1176,1340.9329,153.6329345703125
154.1176,1340.904,153.6220703125
154.1176,1340.9058,153.62274169921875
154.1176,1340.9415,153.63616943359375
154.1176,1340.9097,153.6242218017578
154.1176,1341.0118,153.66261291503906
154.1176,1340.9585,153.64256286621094
154.1176,1340.9429,153.63670349121094
154.1176,1341.0151,153.66383361816406
154.1176,1340.91,153.62432861328125
154.1176,1340.9815,153.65121459960938
154.1176,1340.9946,153.6561279296875
154.1176,1340.9811,153.6510467529297
154.1176,1341.1296,153.70689392089844
154.1176,1340.9392,153.6352996826172
154.1176,1340.8934,153.6180877685547
154.1176,1340.9014,153.62110900878906
154.1176,1341.0715,153.68505859375
154.1176,1341.1574,153.7173614501953
154.1176,1340.9187,153.62762451171875
154.1176,1340.949,153.6389923095703
154.1176,1340.9784,153.65003967285156
154.1176,1340.8993,153.6203155517578
154.1176,1340.95,153.63937377929688
154.1176,1340.9098,153.62423706054688
154.1176,1340.9531,153.64053344726562
154.1176,1341.035,153.67132568359375
154.1176,1341.0163,153.664306640625
154.1176,1340.993,153.65553283691406
154.1176,1341.0294,153.66921997070312
154.1176,1340.8183,153.58985900878906
154.1176,1340.8282,153.59356689453125
154.1176,1340.8652,153.60748291015625
154.1176,1340.7809,153.57579040527344
154.1176,1341.0528,153.67800903320312
154.1176,1341.0113,153.6624298095703
154.1176,1340.8098,153.586669921875
154.1176,1340.9684,153.6462860107422
154.1176,1340.9505,153.63955688476562
154.1176,1340.7666,153.57041931152344
154.1176,1340.9945,153.65609741210938
154.1176,1340.9676,153.64599609375
154.1176,1340.7618,153.56861877441406
154.1176,1340.7853,153.57745361328125
154.1176,1340.8814,153.61358642578125
161.5686,1360.1556,160.8597412109375
161.5686,1360.2506,160.89544677734375
161.5686,1360.1217,160.84701538085938
161.5686,1360.3257,160.9237060546875
161.5686,1360.2406,160.89170837402344
161.5686,1360.336,160.92758178710938
161.5686,1360.2576,160.89810180664062
161.5686,1360.15,160.85763549804688
161.5686,1360.2338,160.88916015625
161.5686,1360.5068,160.99179077148438
161.5686,1360.2996,160.91387939453125
161.5686,1360.3071,160.9167022705078
161.5686,1360.2706,160.90296936035156
161.5686,1360.4671,160.9768524169922
161.5686,1360.3081,160.91708374023438
161.5686,1360.3111,160.918212890625
161.5686,1360.2261,160.88624572753906
161.5686,1360.1635,160.86270141601562
161.5686,1360.2114,160.88070678710938
161.5686,1360.2672,160.90171813964844
161.5686,1360.3224,160.92245483398438
161.5686,1360.3378,160.9282684326172
161.5686,1360.24,160.89149475097656
161.5686,1360.248,160.8944854736328
161.5686,1360.2884,160.90966796875
161.5686,1360.1734,160.866455078125
161.5686,1360.2593,160.89874267578125
161.5686,1360.235,160.88961791992188
161.5686,1360.3687,160.9398651123047
161.5686,1360.2829,160.90762329101562
161.5686,1360.2435,160.892822265625
161.5686,1360.2219,160.88465881347656
161.5686,1360.2339,160.88916015625
161.5686,1360.2552,160.89718627929688
161.5686,1360.2874,160.9093017578125
161.5686,1360.1177,160.84548950195312
161.5686,1360.2994,160.91380310058594
161.5686,1360.3267,160.924072265625
161.5686,1360.1414,160.85440063476562
161.5686,1360.1643,160.863037109375
161.5686,1360.2948,160.91207885742188
161.5686,1360.3799,160.944091796875
161.5686,1360.4121,160.95620727539062
161.5686,1360.1034,160.8401336669922
161.5686,1360.2523,160.89610290527344
161.5686,1360.4756,160.9800567626953
161.5686,1360.3842,160.94569396972656
161.5686,1360.254,160.896728515625
161.5686,1360.3029,160.9151153564453
161.5686,1360.2048,160.87823486328125
169.0196,1379.2191,168.0267333984375
169.0196,1379.1498,168.0006561279297
169.0196,1379.1696,168.00808715820312
169.0196,1379.1491,168.00038146972656
169.0196,1379.2378,168.0337371826172
169.0196,1379.1099,167.98565673828125
169.0196,1379.2969,168.0559539794922
169.0196,1379.1661,168.00677490234375
169.0196,1379.2615,168.04263305664062
169.0196,1379.2329,168.0319061279297
169.0196,1379.1946,168.01751708984375
169.0196,1379.1869,168.0146026611328
169.0196,1379.3115,168.06143188476562
169.0196,1379.1227,167.99044799804688
169.0196,1379.0968,167.98072814941406
169.0196,1379.1669,168.007080078125
169.0196,1379.2033,168.02078247070312
169.0196,1378.931,167.91839599609375
169.0196,1379.1347,167.9949951171875
169.0196,1379.2042,168.0211181640625
169.0196,1379.262,168.04283142089844
169.0196,1379.2396,168.03440856933594
169.0196,1379.2343,168.0324249267578
169.0196,1379.2191,168.0267333984375
169.0196,1379.2097,168.02317810058594
169.0196,1379.0583,167.9662628173828
169.0196,1379.1751,168.01016235351562
169.0196,1379.1717,168.00889587402344
169.0196,1379.2812,168.05003356933594
169.0196,1379.2342,168.03237915039062
169.0196,1379.2295,168.03060913085938
169.0196,1379.2835,168.05093383789062
169.0196,1379.216,168.02554321289062
169.0196,1379.2724,168.04673767089844
169.0196,1379.2236,168.0283966064453
169.0196,1379.0864,167.97683715820312
169.0196,1379.2553,168.0403289794922
169.0196,1379.1526,168.001708984375
169.0196,1379.1062,167.98428344726562
169.0196,1379.1223,167.99032592773438
169.0196,1379.3241,168.06617736816406
169.0196,1379.3281,168.06768798828125
169.0196,1379.1133,167.9869384765625
169.0196,1379.2094,168.02305603027344
169.0196,1379.1491,168.00038146972656
169.0196,1379.0932,167.97938537597656
169.0196,1379.2399,168.03453063964844
169.0196,1379.4017,168.09535217285156
169.0196,1379.2846,168.0513458251953
169.0196,1379.2191,168.0267333984375
176.4706,1397.7738,175.44602966308594
176.4706,1397.7082,175.41786193847656
176.4706,1397.6046,175.37342834472656
176.4706,1397.6545,175.3948211669922
176.4706,1397.5757,175.3610076904297
176.4706,1397.6971,175.41311645507812
176.4706,1397.7433,175.4329376220703
176.4706,1397.6202,175.38011169433594
176.4706,1397.7379,175.43060302734375
176.4706,1397.7278,175.42626953125
176.4706,1397.7996,175.4571075439453
176.4706,1397.7212,175.42344665527344
176.4706,1397.7755,175.44674682617188
176.4706,1397.7933,175.45440673828125
176.4706,1397.7238,175.42457580566406
176.4706,1397.8158,175.4640655517578
176.4706,1397.6524,175.39390563964844
176.4706,1397.7342,175.42904663085938
176.4706,1397.6252,175.3822479248047
176.4706,1397.8565,175.48153686523438
176.4706,1397.7751,175.4465789794922
176.4706,1397.7139,175.42031860351562
176.4706,1397.7745,175.44631958007812
176.4706,1397.7008,175.41470336914062
176.4706,1397.6384,175.38790893554688
176.4706,1397.7314,175.42782592773438
176.4706,1397.6421,175.38949584960938
176.4706,1397.8361,175.47276306152344
176.4706,1397.667,175.40017700195312
176.4706,1397.818,175.46499633789062
176.4706,1397.6635,175.398681640625
176.4706,1397.5493,175.34970092773438
176.4706,1397.6649,175.39930725097656
176.4706,1397.741,175.4319610595703
176.4706,1397.7582,175.43934631347656
176.4706,1397.7309,175.4276123046875
176.4706,1397.853,175.4800262451172
176.4706,1397.9148,175.50653076171875
176.4706,1397.7201,175.4229736328125
176.4706,1397.7372,175.4303436279297
176.4706,1397.7311,175.42770385742188
176.4706,1397.7426,175.4326171875
176.4706,1397.7614,175.4407196044922
176.4706,1397.7666,175.4429473876953
176.4706,1397.7415,175.43215942382812
176.4706,1397.6672,175.4002685546875
176.4706,1397.6073,175.37460327148438
176.4706,1397.7682,175.44363403320312
176.4706,1397.8187,175.46527099609375
176.4706,1397.6349,175.3863983154297
183.9216,1415.8633,183.20912170410156
183.9216,1415.7902,183.177734375
183.9216,1415.8677,183.2110137939453
183.9216,1415.9369,183.24069213867188
183.9216,1415.819,183.19012451171875
183.9216,1415.9355,183.2401123046875
183.9216,1415.7704,183.16928100585938
183.9216,1415.8568,183.2063446044922
183.9216,1415.738,183.15536499023438
183.9216,1415.7301,183.15196228027344
183.9216,1415.7928,183.1788787841797
183.9216,1415.7796,183.17318725585938
183.9216,1415.9424,183.24310302734375
183.9216,1415.8547,183.20542907714844
183.9216,1415.922,183.23431396484375
183.9216,1415.8253,183.1928253173828
183.9216,1415.6694,183.12591552734375
183.9216,1415.884,183.21798706054688
183.9216,1415.8194,183.19027709960938
183.9216,1415.7319,183.15274047851562
183.9216,1415.8604,183.2078857421875
183.9216,1415.8361,183.1974334716797
183.9216,1415.8571,183.2064666748047
183.9216,1415.7341,183.15367126464844
183.9216,1415.8791,183.21591186523438
183.9216,1415.5823,183.0885467529297
183.9216,1415.8009,183.1823272705078
183.9216,1415.8715,183.212646484375
183.9216,1415.8524,183.2044677734375
183.9216,1415.7177,183.14662170410156
183.9216,1415.8052,183.1842041015625
183.9216,1415.8356,183.19725036621094
183.9216,1415.8269,183.19351196289062
183.9216,1415.6435,183.11477661132812
183.9216,1415.8294,183.194580078125
183.9216,1415.9292,183.23741149902344
183.9216,1415.7288,183.15139770507812
183.9216,1415.8485,183.20277404785156
183.9216,1415.9445,183.24395751953125
183.9216,1415.8191,183.19017028808594
183.9216,1415.7746,183.17105102539062
183.9216,1415.9352,183.23997497558594
183.9216,1415.8241,183.19232177734375
183.9216,1415.768,183.16822814941406
183.9216,1415.8343,183.19667053222656
183.9216,1415.8447,183.20114135742188
183.9216,1415.75,183.16049194335938
183.9216,1415.8031,183.18328857421875
183.9216,1415.7136,183.14488220214844
183.9216,1415.7603,183.1649169921875
191.3725,1433.4837,190.77090454101562
191.3725,1433.4828,190.7705078125
191.3725,1433.45,190.75640869140625
191.3725,1433.5582,190.80288696289062
191.3725,1433.545,190.79722595214844
191.3725,1433.5347,190.79281616210938
191.3725,1433.454,190.75814819335938
191.3725,1433.445,190.7543182373047
191.3725,1433.4826,190.7704315185547
191.3725,1433.4498,190.75634765625
191.3725,1433.5239,190.7881622314453
191.3725,1433.413,190.74057006835938
191.3725,1433.4436,190.75369262695312
191.3725,1433.5572,190.80245971679688
191.3725,1433.4676,190.7639923095703
191.3725,1433.4338,190.74951171875
191.3725,1433.3884,190.72999572753906
191.3725,1433.4785,190.7686767578125
191.3725,1433.4343,190.7497100830078
191.3725,1433.4713,190.76556396484375
191.3725,1433.5497,190.79922485351562
191.3725,1433.471,190.7654571533203
191.3725,1433.467,190.76373291015625
191.3725,1433.4723,190.76600646972656
191.3725,1433.5248,190.78855895996094
191.3725,1433.5245,190.7884063720703
191.3725,1433.4105,190.73948669433594
191.3725,1433.5282,190.79000854492188
191.3725,1433.4468,190.75506591796875
191.3725,1433.5977,190.81982421875
191.3725,1433.3915,190.7313232421875
191.3725,1433.4091,190.7388916015625
191.3725,1433.4147,190.74130249023438
191.3725,1433.613,190.8263702392578
191.3725,1433.5815,190.81288146972656
191.3725,1433.3751,190.72430419921875
191.3725,1433.6077,190.82412719726562
191.3725,1433.4617,190.76145935058594
191.3725,1433.5068,190.7808380126953
191.3725,1433.5994,190.820556640625
191.3725,1433.404,190.7366943359375
191.3725,1433.4681,190.7642059326172
191.3725,1433.568,190.80709838867188
191.3725,1433.5826,190.8133544921875
191.3725,1433.5575,190.80258178710938
191.3725,1433.531,190.79119873046875
191.3725,1433.6453,190.84024047851562
191.3725,1433.424,190.7452850341797
191.3725,1433.3304,190.70513916015625
191.3725,1433.5127,190.78334045410156
198.8235,1450.759,198.18460083007812
198.8235,1450.7553,198.18301391601562
198.8235,1450.6744,198.14830017089844
198.8235,1450.7454,198.1787567138672
198.8235,1450.7542,198.18252563476562
198.8235,1450.6998,198.15919494628906
198.8235,1450.8034,198.2036590576172
198.8235,1450.7633,198.18646240234375
198.8235,1450.7572,198.18382263183594
198.8235,1450.7119,198.16439819335938
198.8235,1450.7896,198.19772338867188
198.8235,1450.7326,198.17327880859375
198.8235,1450.7363,198.1748504638672
198.8235,1450.787,198.19662475585938
198.8235,1450.8015,198.20285034179688
198.8235,1450.7633,198.18646240234375
198.8235,1450.7843,198.19544982910156
198.8235,1450.779,198.19320678710938
198.8235,1450.8157,198.2089385986328
198.8235,1450.7689,198.1888427734375
198.8235,1450.7669,198.18798828125
198.8235,1450.6396,198.13333129882812
198.8235,1450.7467,198.17930603027344
198.8235,1450.7824,198.1946258544922
198.8235,1450.7368,198.1750946044922
198.8235,1450.8411,198.21981811523438
198.8235,1450.6375,198.1324462890625
198.8235,1450.8498,198.2235565185547
198.8235,1450.7932,198.1992645263672
198.8235,1450.6747,198.14840698242188
198.8235,1450.7592,198.1846923828125
198.8235,1450.736,198.1747283935547
198.8235,1450.7968,198.20083618164062
198.8235,1450.7137,198.16514587402344
198.8235,1450.9932,198.2851104736328
198.8235,1450.6609,198.14248657226562
198.8235,1450.8127,198.2076416015625
198.8235,1450.7889,198.19741821289062
198.8235,1450.8448,198.22140502929688
198.8235,1450.6754,198.14871215820312
198.8235,1450.8295,198.21484375
198.8235,1450.7453,198.1787109375
198.8235,1450.7681,198.18849182128906
198.8235,1450.6846,198.1526641845703
198.8235,1450.875,198.23439025878906
198.8235,1450.6595,198.1418914794922
198.8235,1450.7662,198.1876678466797
198.8235,1450.6871,198.1537322998047
198.8235,1450.7159,198.16607666015625
198.8235,1450.8557,198.22608947753906
206.2745,1467.662,205.67381286621094
206.2745,1467.535,205.61663818359375
206.2745,1467.7009,205.69134521484375
206.2745,1467.6014,205.6465301513672
206.2745,1467.5788,205.63636779785156
206.2745,1467.623,205.65625
206.2745,1467.5637,205.6295623779297
206.2745,1467.7156,205.6979522705078
206.2745,1467.6603,205.6730499267578
206.2745,1467.4992,205.6005401611328
206.2745,1467.5577,205.62686157226562
206.2745,1467.7135,205.697021484375
206.2745,1467.7639,205.71969604492188
206.2745,1467.6834,205.6834716796875
206.2745,1467.4556,205.58090209960938
206.2745,1467.6755,205.679931640625
206.2745,1467.6247,205.65704345703125
206.2745,1467.7066,205.6938934326172
206.2745,1467.6225,205.65603637695312
206.2745,1467.59,205.6414031982422
206.2745,1467.608,205.6495361328125
206.2745,1467.5373,205.61769104003906
206.2745,1467.5313,205.61497497558594
206.2745,1467.4731,205.58880615234375
206.2745,1467.7202,205.70001220703125
206.2745,1467.6198,205.65481567382812
206.2745,1467.6957,205.68899536132812
206.2745,1467.4351,205.5717010498047
206.2745,1467.5274,205.6132049560547
206.2745,1467.5253,205.61227416992188
206.2745,1467.5961,205.6441650390625
206.2745,1467.5379,205.61795043945312
206.2745,1467.698,205.69003295898438
206.2745,1467.5863,205.6397247314453
206.2745,1467.5192,205.60955810546875
206.2745,1467.6959,205.68907165527344
206.2745,1467.5186,205.6092529296875
206.2745,1467.6329,205.66070556640625
206.2745,1467.6447,205.666015625
206.2745,1467.6827,205.6831512451172
206.2745,1467.5958,205.64401245117188
206.2745,1467.5992,205.6455535888672
206.2745,1467.5803,205.63702392578125
206.2745,1467.5032,205.6023406982422
206.2745,1467.5818,205.63772583007812
206.2745,1467.4915,205.59706115722656
206.2745,1467.6092,205.65005493164062
206.2745,1467.6174,205.6537322998047
206.2745,1467.5156,205.60787963867188
206.2745,1467.5822,205.6378936767578
213.7255,1484.1514,213.09771728515625
213.7255,1484.0194,213.03829956054688
213.7255,1484.1458,213.09523010253906
213.7255,1484.0678,213.06007385253906
213.7255,1484.026,213.041259765625
213.7255,1484.133,213.08944702148438
213.7255,1484.0202,213.03863525390625
213.7255,1484.1106,213.07936096191406
213.7255,1484.1273,213.08688354492188
213.7255,1483.997,213.02821350097656
213.7255,1484.0187,213.03799438476562
213.7255,1484.0827,213.06680297851562
213.7255,1484.0215,213.0392303466797
213.7255,1484.0978,213.0736083984375
213.7255,1484.0391,213.04714965820312
213.7255,1484.0533,213.0535888671875
213.7255,1484.0822,213.0665740966797
213.7255,1484.07,213.06106567382812
213.7255,1483.9158,212.99163818359375
213.7255,1484.1053,213.07696533203125
213.7255,1484.1245,213.08563232421875
213.7255,1484.0656,213.05911254882812
213.7255,1484.0923,213.0711212158203
213.7255,1484.0014,213.0301971435547
213.7255,1484.0173,213.03733825683594
213.7255,1483.8189,212.947998046875
213.7255,1484.1756,213.1085968017578
213.7255,1484.0636,213.05821228027344
213.7255,1483.8336,212.9546356201172
213.7255,1483.9847,213.02267456054688
213.7255,1483.9985,213.02891540527344
213.7255,1484.0717,213.06185913085938
213.7255,1483.9672,213.01483154296875
213.7255,1484.1642,213.10348510742188
213.7255,1484.1064,213.07745361328125
213.7255,1484.0509,213.052490234375
213.7255,1484.1355,213.09056091308594
213.7255,1484.162,213.1024932861328
213.7255,1484.0958,213.0726776123047
213.7255,1483.972,213.01698303222656
213.7255,1483.9531,213.00843811035156
213.7255,1483.8986,212.9839324951172
213.7255,1484.1055,213.0770721435547
213.7255,1483.9668,213.01463317871094
213.7255,1483.9976,213.0284881591797
213.7255,1484.0305,213.04330444335938
213.7255,1484.014,213.035888671875
213.7255,1484.1163,213.08193969726562
213.7255,1484.022,213.03948974609375
213.7255,1484.0882,213.0692901611328
221.1765,1500.0474,220.2544708251953
221.1765,1500.0148,220.2397918701172
221.1765,1500.0649,220.26235961914062
221.1765,1500.0414,220.25173950195312
221.1765,1500.0792,220.26878356933594
221.1765,1500.0532,220.25711059570312
221.1765,1500.1451,220.2984619140625
221.1765,1500.0385,220.25047302246094
221.1765,1500.0978,220.27716064453125
221.1765,1499.976,220.2223358154297
221.1765,1500.0475,220.25453186035156
221.1765,1500.0499,220.25559997558594
221.1765,1499.9632,220.21656799316406
221.1765,1500.1518,220.3014678955078
221.1765,1500.133,220.29299926757812
221.1765,1500.1262,220.28993225097656
221.1765,1500.1512,220.30120849609375
221.1765,1500.078,220.2682342529297
221.1765,1500.1478,220.2996826171875
221.1765,1499.9563,220.21348571777344
221.1765,1500.0651,220.262451171875
221.1765,1500.0475,220.25453186035156
221.1765,1499.9661,220.21786499023438
221.1765,1499.987,220.22727966308594
221.1765,1500.0382,220.2503204345703
221.1765,1500.0462,220.25393676757812
221.1765,1500.0744,220.26661682128906
221.1765,1500.1267,220.29019165039062
221.1765,1500.0071,220.23634338378906
221.1765,1500.0957,220.27621459960938
221.1765,1500.021,220.24258422851562
221.1765,1500.0425,220.25225830078125
221.1765,1499.9991,220.23272705078125
221.1765,1500.0887,220.27305603027344
221.1765,1500.0671,220.2633514404297
221.1765,1500.0625,220.26126098632812
221.1765,1500.0693,220.26434326171875
221.1765,1500.0689,220.26417541503906
221.1765,1500.1017,220.27890014648438
221.1765,1500.0829,220.27047729492188
221.1765,1500.0403,220.25128173828125
221.1765,1500.1305,220.2918701171875
221.1765,1500.0544,220.25762939453125
221.1765,1500.1514,220.30133056640625
221.1765,1500.007,220.23626708984375
221.1765,1500.0677,220.26364135742188
221.1765,1500.1015,220.27883911132812
221.1765,1500.0318,220.24746704101562
221.1765,1500.1089,220.28216552734375
221.1765,1499.9426,220.207275390625
228.6275,1515.6502,227.2792205810547
228.6275,1515.7134,227.30767822265625
228.6275,1515.5637,227.24024963378906
228.6275,1515.6503,227.27928161621094
228.6275,1515.6884,227.29641723632812
228.6275,1515.576,227.24581909179688
228.6275,1515.7512,227.32467651367188
228.6275,1515.6064,227.25949096679688
228.6275,1515.6213,227.26617431640625
228.6275,1515.6222,227.26658630371094
228.6275,1515.5932,227.2535400390625
228.6275,1515.6542,227.28102111816406
228.6275,1515.6859,227.2952880859375
228.6275,1515.7118,227.3069610595703
228.6275,1515.5776,227.2465362548828
228.6275,1515.6155,227.26358032226562
228.6275,1515.6575,227.28250122070312
228.6275,1515.6205,227.2658233642578
228.6275,1515.7117,227.30690002441406
228.6275,1515.6249,227.26783752441406
228.6275,1515.7989,227.34617614746094
228.6275,1515.6037,227.25827026367188
228.6275,1515.5642,227.24049377441406
228.6275,1515.6123,227.26214599609375
228.6275,1515.748,227.32325744628906
228.6275,1515.6103,227.26126098632812
228.6275,1515.6695,227.28790283203125
228.6275,1515.6547,227.28123474121094
228.6275,1515.6399,227.27455139160156
228.6275,1515.7251,227.3129425048828
228.6275,1515.5959,227.2547607421875
228.6275,1515.7064,227.30450439453125
228.6275,1515.6984,227.30091857910156
228.6275,1515.7318,227.31594848632812
228.6275,1515.7406,227.3199005126953
228.6275,1515.598,227.25572204589844
228.6275,1515.6835,227.29420471191406
228.6275,1515.6978,227.30064392089844
228.6275,1515.6017,227.25735473632812
228.6275,1515.6618,227.28443908691406
228.6275,1515.6296,227.2699432373047
228.6275,1515.7115,227.3068084716797
228.6275,1515.7507,227.32444763183594
228.6275,1515.8379,227.3637237548828
228.6275,1515.6571,227.28231811523438
228.6275,1515.647,227.27777099609375
228.6275,1515.6394,227.27435302734375
228.6275,1515.6338,227.27178955078125
228.6275,1515.7263,227.3134765625
228.6275,1515.7066,227.30459594726562
236.0784,1530.861,234.13279724121094
236.0784,1530.8516,234.12765502929688
236.0784,1530.9629,234.18844604492188
236.0784,1530.9028,234.15562438964844
236.0784,1530.761,234.0824432373047
236.0784,1530.9334,234.17233276367188
236.0784,1530.941,234.17648315429688
236.0784,1530.8443,234.12364196777344
236.0784,1530.7954,234.09793090820312
236.0784,1530.8649,234.13491821289062
236.0784,1530.9606,234.18719482421875
236.0784,1530.8368,234.11952209472656
236.0784,1530.9149,234.16220092773438
236.0784,1530.9183,234.1640625
236.0784,1530.8493,234.12640380859375
236.0784,1530.8677,234.13644409179688
236.0784,1530.802,234.10092163085938
236.0784,1530.7634,234.08352661132812
236.0784,1530.8874,234.147216796875
236.0784,1530.9535,234.18331909179688
236.0784,1530.7696,234.0863037109375
236.0784,1530.7987,234.0994110107422
236.0784,1530.8204,234.11058044433594
236.0784,1530.8285,234.1150360107422
236.0784,1530.8214,234.11114501953125
236.0784,1530.8359,234.11904907226562
236.0784,1530.8815,234.14398193359375
236.0784,1530.9017,234.15501403808594
236.0784,1530.8619,234.13327026367188
236.0784,1530.8407,234.12168884277344
236.0784,1530.9492,234.1809539794922
236.0784,1530.8439,234.12344360351562
236.0784,1530.8487,234.1260528564453
236.0784,1530.9361,234.17379760742188
236.0784,1530.9833,234.19956970214844
236.0784,1530.8779,234.14199829101562
236.0784,1530.9086,234.15878295898438
236.0784,1530.825,234.1131134033203
236.0784,1530.7866,234.09397888183594
236.0784,1530.8747,234.14028930664062
236.0784,1530.9321,234.171630859375
236.0784,1530.9219,234.16603088378906
236.0784,1530.8901,234.14866638183594
236.0784,1530.8441,234.12355041503906
236.0784,1530.8918,234.14959716796875
236.0784,1530.9654,234.1898193359375
236.0784,1530.8492,234.1263427734375
236.0784,1530.8732,234.1394500732422
236.0784,1530.9514,234.18214416503906
236.0784,1530.9121,234.16067504882812
243.5294,1545.7209,242.25013732910156
243.5294,1545.6097,242.18936157226562
243.5294,1545.563,242.16384887695312
243.5294,1545.5747,242.17025756835938
243.5294,1545.7453,242.26344299316406
243.5294,1545.5556,242.15985107421875
243.5294,1545.6206,242.19529724121094
243.5294,1545.6266,242.1986083984375
243.5294,1545.675,242.2250213623047
243.5294,1545.6263,242.1984405517578
243.5294,1545.4998,242.1293487548828
243.5294,1545.6979,242.237548828125
243.5294,1545.5596,242.16201782226562
243.5294,1545.5525,242.1581573486328
243.5294,1545.6291,242.19998168945312
243.5294,1545.5253,242.14328002929688
243.5294,1545.6069,242.18785095214844
243.5294,1545.693,242.23489379882812
243.5294,1545.6408,242.20635986328125
243.5294,1545.5257,242.1434783935547
243.5294,1545.7555,242.26901245117188
243.5294,1545.6802,242.22787475585938
243.5294,1545.4932,242.12576293945312
243.5294,1545.6631,242.2185516357422
243.5294,1545.7703,242.27711486816406
243.5294,1545.7238,242.251708984375
243.5294,1545.6943,242.235595703125
243.5294,1545.5358,242.14903259277344
243.5294,1545.6286,242.19969177246094
243.5294,1545.6616,242.2177276611328
243.5294,1545.6847,242.2303466796875
243.5294,1545.637,242.2042694091797
243.5294,1545.6512,242.2120361328125
243.5294,1545.7629,242.27308654785156
243.5294,1545.5894,242.1782684326172
243.5294,1545.6866,242.2313690185547
243.5294,1545.602,242.18519592285156
243.5294,1545.5173,242.13890075683594
243.5294,1545.6322,242.20164489746094
243.5294,1545.5232,242.14210510253906
243.5294,1545.4935,242.1258544921875
243.5294,1545.5938,242.18069458007812
243.5294,1545.6258,242.19818115234375
243.5294,1545.5927,242.1800994873047
243.5294,1545.7218,242.25062561035156
243.5294,1545.6022,242.18527221679688
243.5294,1545.6462,242.2093048095703
243.5294,1545.542,242.15240478515625
243.5294,1545.6705,242.22256469726562
243.5294,1545.6205,242.1952667236328
250.9804,1560.0427,250.073486328125
250.9804,1559.9212,250.00711059570312
250.9804,1559.944,250.01959228515625
250.9804,1560.1133,250.112060546875
250.9804,1559.8853,249.98751831054688
250.9804,1560.0196,250.06089782714844
250.9804,1560.0395,250.07174682617188
250.9804,1559.9527,250.0243377685547
250.9804,1559.8475,249.96685791015625
250.9804,1559.8734,249.98098754882812
250.9804,1559.967,250.0321502685547
250.9804,1559.926,250.0097198486328
250.9804,1560.0252,250.06396484375
250.9804,1559.9324,250.01324462890625
250.9804,1559.9653,250.0312042236328
250.9804,1560.0319,250.06759643554688
250.9804,1560.0502,250.07757568359375
250.9804,1559.911,250.0015411376953
250.9804,1559.9019,249.99655151367188
250.9804,1559.9343,250.01429748535156
250.9804,1559.9941,250.04696655273438
250.9804,1560.0215,250.06190490722656
250.9804,1560.0213,250.0618133544922
250.9804,1559.9633,250.03012084960938
250.9804,1559.9962,250.04811096191406
250.9804,1559.8851,249.98739624023438
250.9804,1559.8594,249.973388671875
250.9804,1560.0312,250.06723022460938
250.9804,1559.9545,250.0253143310547
250.9804,1559.8997,249.995361328125
250.9804,1559.9352,250.01478576660156
250.9804,1559.7733,249.9263153076172
250.9804,1559.8971,249.99395751953125
250.9804,1559.9579,250.0271759033203
250.9804,1559.9737,250.0358123779297
250.9804,1559.8332,249.95904541015625
250.9804,1559.889,249.98951721191406
250.9804,1559.8644,249.97610473632812
250.9804,1560.0381,250.0709991455078
250.9804,1559.9855,250.04225158691406
250.9804,1560.08,250.09388732910156
250.9804,1560.0126,250.05706787109375
250.9804,1559.9663,250.03176879882812
250.9804,1559.8678,249.97796630859375
250.9804,1559.9696,250.03355407714844
250.9804,1559.9732,250.03549194335938
250.9804,1559.9552,250.0257110595703
250.9804,1559.9174,250.0050506591797
250.9804,1560.0203,250.06124877929688
250.9804,1559.9268,250.0102081298828
258.4314,1573.9825,257.688232421875
258.4314,1573.9535,257.67236328125
258.4314,1573.9113,257.6492919921875
258.4314,1573.8318,257.60589599609375
258.4314,1573.9038,257.64520263671875
258.4314,1573.7977,257.5872802734375
258.4314,1573.8198,257.5993347167969
258.4314,1573.7485,257.5603942871094
258.4314,1573.7877,257.581787109375
258.4314,1573.9115,257.6494445800781
258.4314,1573.8559,257.6190490722656
258.4314,1573.8192,257.5990295410156
258.4314,1573.9215,257.6548767089844
258.4314,1573.9607,257.67633056640625
258.4314,1573.8329,257.60650634765625
258.4314,1573.8968,257.64141845703125
258.4314,1573.8928,257.63922119140625
258.4314,1573.8333,257.6067199707031
258.4314,1574.0841,257.74371337890625
258.4314,1574.0444,257.7220153808594
258.4314,1573.9589,257.6753234863281
258.4314,1573.9646,257.678466796875
258.4314,1573.8544,257.6182556152344
258.4314,1573.8753,257.629638671875
258.4314,1573.8752,257.62957763671875
258.4314,1573.8966,257.6412658691406
258.4314,1573.9321,257.66070556640625
258.4314,1573.7604,257.56689453125
258.4314,1573.9043,257.6454772949219
258.4314,1573.9215,257.6548767089844
258.4314,1573.8533,257.6176452636719
258.4314,1573.725,257.54754638671875
258.4314,1573.9571,257.6743469238281
258.4314,1573.8906,257.63800048828125
258.4314,1573.7891,257.58251953125
258.4314,1573.8667,257.6249694824219
258.4314,1573.8518,257.6168212890625
258.4314,1573.8954,257.6406555175781
258.4314,1573.9392,257.66455078125
258.4314,1573.9246,257.6566162109375
258.4314,1573.911,257.649169921875
258.4314,1573.8806,257.6325378417969
258.4314,1573.7156,257.54241943359375
258.4314,1573.9021,257.644287109375
258.4314,1573.9985,257.6969299316406
258.4314,1573.9451,257.66778564453125
258.4314,1573.9996,257.6975402832031
258.4314,1573.8124,257.5953063964844
258.4314,1573.8138,257.5960693359375
258.4314,1573.8971,257.64154052734375
265.8824,1587.4401,265.03948974609375
265.8824,1587.443,265.04107666015625
265.8824,1587.3007,264.96337890625
265.8824,1587.4807,265.06170654296875
265.8824,1587.3344,264.98175048828125
265.8824,1587.4037,265.0196533203125
265.8824,1587.3508,264.9907531738281
265.8824,1587.4123,265.02435302734375
265.8824,1587.4617,265.05133056640625
265.8824,1587.4116,265.02392578125
265.8824,1587.2847,264.9546203613281
265.8824,1587.4582,265.0494079589844
265.8824,1587.4583,265.0494689941406
265.8824,1587.4919,265.06781005859375
265.8824,1587.4056,265.02069091796875
265.8824,1587.3478,264.9891052246094
265.8824,1587.3457,264.9879455566406
265.8824,1587.3447,264.9873962402344
265.8824,1587.3639,264.9978942871094
265.8824,1587.3154,264.9714050292969
265.8824,1587.359,264.9952087402344
265.8824,1587.3325,264.9807434082031
265.8824,1587.3726,265.0026550292969
265.8824,1587.3409,264.9853515625
265.8824,1587.3342,264.981689453125
265.8824,1587.4904,265.0669860839844
265.8824,1587.3253,264.976806640625
265.8824,1587.3239,264.97601318359375
265.8824,1587.4005,265.01788330078125
265.8824,1587.3494,264.9899597167969
265.8824,1587.3505,264.9905700683594
265.8824,1587.2786,264.9512939453125
265.8824,1587.4729,265.05743408203125
265.8824,1587.4522,265.0461120605469
265.8824,1587.413,265.02471923828125
265.8824,1587.4284,265.0331115722656
265.8824,1587.4066,265.021240234375
265.8824,1587.3476,264.9889831542969
265.8824,1587.3038,264.965087890625
265.8824,1587.418,265.0274963378906
265.8824,1587.3215,264.9747619628906
265.8824,1587.3402,264.98492431640625
265.8824,1587.33,264.9793701171875
265.8824,1587.3078,264.9672546386719
265.8824,1587.2641,264.9433288574219
265.8824,1587.3881,265.0110778808594
265.8824,1587.4099,265.02301025390625
265.8824,1587.3371,264.98321533203125
265.8824,1587.4177,265.02728271484375
265.8824,1587.3248,264.97650146484375
273.3333,1600.419,272.26214599609375
273.3333,1600.5322,272.3284606933594
273.3333,1600.4866,272.30181884765625
273.3333,1600.5366,272.33111572265625
273.3333,1600.507,272.3137512207031
273.3333,1600.4569,272.2843322753906
273.3333,1600.5141,272.3179016113281
273.3333,1600.5546,272.3416442871094
273.3333,1600.4194,272.26239013671875
273.3333,1600.3731,272.2352600097656
273.3333,1600.4981,272.30853271484375
273.3333,1600.4495,272.280029296875
273.3333,1600.5451,272.3360900878906
273.3333,1600.5567,272.3428649902344
273.3333,1600.4304,272.2688293457031
273.3333,1600.4193,272.2623596191406
273.3333,1600.6905,272.4212646484375
273.3333,1600.5418,272.3341369628906
273.3333,1600.3949,272.248046875
273.3333,1600.3708,272.2339172363281
273.3333,1600.4833,272.2998352050781
273.3333,1600.579,272.3559265136719
273.3333,1600.4883,272.30279541015625
273.3333,1600.5518,272.3399658203125
273.3333,1600.5032,272.3114929199219
273.3333,1600.5148,272.3183288574219
273.3333,1600.3451,272.2188720703125
273.3333,1600.5361,272.3307800292969
273.3333,1600.5355,272.3304138183594
273.3333,1600.5522,272.3402404785156
273.3333,1600.4152,272.25994873046875
273.3333,1600.4644,272.2887268066406
273.3333,1600.433,272.2703857421875
273.3333,1600.5501,272.3390197753906
273.3333,1600.4142,272.2593688964844
273.3333,1600.4593,272.28582763671875
273.3333,1600.4323,272.26995849609375
273.3333,1600.5177,272.32000732421875
273.3333,1600.5271,272.3255310058594
273.3333,1600.5482,272.337890625
273.3333,1600.4946,272.30645751953125
273.3333,1600.4308,272.2690734863281
273.3333,1600.5409,272.3335876464844
273.3333,1600.467,272.2903137207031
273.3333,1600.4054,272.25421142578125
273.3333,1600.4935,272.30584716796875
273.3333,1600.5028,272.311279296875
273.3333,1600.4943,272.3063049316406
273.3333,1600.6357,272.38916015625
273.3333,1600.4777,272.2965393066406
280.7843,1613.0891,279.6869812011719
280.7843,1613.1247,279.7078552246094
280.7843,1613.1253,279.70819091796875
280.7843,1613.1134,279.7012939453125
280.7843,1613.1909,279.74664306640625
280.7843,1613.1457,279.72021484375
280.7843,1613.1842,279.7427673339844
280.7843,1613.1558,279.7261047363281
280.7843,1613.1943,279.7486877441406
280.7843,1613.1971,279.75030517578125
280.7843,1613.1486,279.7218933105469
280.7843,1613.0933,279.6894836425781
280.7843,1613.1597,279.7283630371094
280.7843,1613.142,279.718017578125
280.7843,1613.2291,279.76904296875
280.7843,1613.1441,279.71923828125
280.7843,1613.1795,279.7400207519531
280.7843,1613.1235,279.7071533203125
280.7843,1613.0949,279.6904296875
280.7843,1613.227,279.767822265625
280.7843,1613.1674,279.73291015625
280.7843,1613.231,279.7701721191406
280.7843,1613.0705,279.6761474609375
280.7843,1613.3013,279.8113708496094
280.7843,1613.1583,279.72760009765625
280.7843,1613.2582,279.7861022949219
280.7843,1613.1295,279.710693359375
280.7843,1613.1271,279.7093200683594
280.7843,1613.1404,279.71710205078125
280.7843,1613.1817,279.7413024902344
280.7843,1613.2078,279.7565612792969
280.7843,1613.0558,279.66754150390625
280.7843,1613.1291,279.7104797363281
280.7843,1613.1391,279.7162780761719
280.7843,1613.2519,279.78240966796875
280.7843,1613.1521,279.72393798828125
280.7843,1613.1301,279.7110900878906
280.7843,1613.2628,279.788818359375
280.7843,1613.2015,279.75286865234375
280.7843,1613.205,279.7549133300781
280.7843,1613.1777,279.7389221191406
280.7843,1613.0867,279.68560791015625
280.7843,1613.1849,279.7431640625
280.7843,1613.0684,279.6748962402344
280.7843,1613.2045,279.754638671875
280.7843,1613.1535,279.72479248046875
280.7843,1613.0875,279.68603515625
280.7843,1613.1591,279.7280578613281
280.7843,1613.2611,279.78778076171875
280.7843,1613.1814,279.7411193847656
288.2353,1625.4138,286.9094543457031
288.2353,1625.3993,286.90093994140625
288.2353,1625.3448,286.8690185546875
288.2353,1625.3971,286.8996887207031
288.2353,1625.4453,286.9278869628906
288.2353,1625.455,286.93359375
288.2353,1625.476,286.9458923339844
288.2353,1625.4148,286.9100341796875
288.2353,1625.3695,286.8835144042969
288.2353,1625.3684,286.88287353515625
288.2353,1625.4046,286.904052734375
288.2353,1625.3468,286.87017822265625
288.2353,1625.4143,286.90972900390625
288.2353,1625.28,286.8310241699219
288.2353,1625.3556,286.8753356933594
288.2353,1625.4341,286.9213562011719
288.2353,1625.3774,286.8881530761719
288.2353,1625.3958,286.89892578125
288.2353,1625.3431,286.8680114746094
288.2353,1625.5019,286.9610595703125
288.2353,1625.3469,286.8702392578125
288.2353,1625.3737,286.8859558105469
288.2353,1625.4778,286.9469909667969
288.2353,1625.3992,286.90087890625
288.2353,1625.3901,286.8955993652344
288.2353,1625.4256,286.9163818359375
288.2353,1625.5592,286.99468994140625
288.2353,1625.3534,286.8740539550781
288.2353,1625.4296,286.918701171875
288.2353,1625.4287,286.9181823730469
288.2353,1625.4336,286.9210510253906
288.2353,1625.3879,286.894287109375
288.2353,1625.3861,286.8932189941406
288.2353,1625.5598,286.9950256347656
288.2353,1625.4365,286.92279052734375
288.2353,1625.3975,286.89990234375
288.2353,1625.5441,286.9858093261719
288.2353,1625.4972,286.95831298828125
288.2353,1625.425,286.9159851074219
288.2353,1625.4056,286.9046325683594
288.2353,1625.437,286.9230651855469
288.2353,1625.3554,286.875244140625
288.2353,1625.4645,286.9391784667969
288.2353,1625.3917,286.8965148925781
288.2353,1625.4751,286.94537353515625
288.2353,1625.4135,286.9093017578125
288.2353,1625.3982,286.9002990722656
288.2353,1625.3239,286.85675048828125
288.2353,1625.4628,286.93817138671875
288.2353,1625.3875,286.89404296875
295.6863,1637.2856,293.86651611328125
295.6863,1637.1758,293.8021240234375
295.6863,1637.2242,293.83050537109375
295.6863,1637.2906,293.8694152832031
295.6863,1637.278,293.862060546875
295.6863,1637.2338,293.8361511230469
295.6863,1637.2305,293.8341979980469
295.6863,1637.1932,293.8123474121094
295.6863,1637.2632,293.8533630371094
295.6863,1637.2249,293.8309326171875
295.6863,1637.2698,293.85723876953125
295.6863,1637.1788,293.8039245605469
295.6863,1637.2567,293.8495788574219
295.6863,1637.2498,293.84552001953125
295.6863,1637.2948,293.87188720703125
295.6863,1637.2488,293.844970703125
295.6863,1637.2558,293.8490295410156
295.6863,1637.2787,293.86248779296875
295.6863,1637.2105,293.8224792480469
295.6863,1637.3573,293.9085388183594
295.6863,1637.334,293.89483642578125
295.6863,1637.2388,293.8390808105469
295.6863,1637.2521,293.84686279296875
295.6863,1637.2981,293.8738098144531
295.6863,1637.2207,293.8284606933594
295.6863,1637.1694,293.79840087890625
295.6863,1637.3562,293.9078674316406
295.6863,1637.2568,293.849609375
295.6863,1637.2818,293.8642883300781
295.6863,1637.2473,293.8440246582031
295.6863,1637.2905,293.8693542480469
295.6863,1637.3607,293.9105224609375
295.6863,1637.2086,293.82135009765625
295.6863,1637.2495,293.8453369140625
295.6863,1637.2573,293.84991455078125
295.6863,1637.2047,293.819091796875
295.6863,1637.158,293.791748046875
295.6863,1637.1859,293.8080749511719
295.6863,1637.2517,293.84661865234375
295.6863,1637.4,293.93353271484375
295.6863,1637.3248,293.88946533203125
295.6863,1637.239,293.83917236328125
295.6863,1637.1534,293.78900146484375
295.6863,1637.2508,293.8460998535156
295.6863,1637.1907,293.8108825683594
295.6863,1637.3143,293.8833312988281
295.6863,1637.1996,293.8161315917969
295.6863,1637.1887,293.8097229003906
295.6863,1637.2584,293.8505859375
295.6863,1637.1669,293.7969055175781
303.1373,1648.6477,300.52484130859375
303.1373,1648.6123,300.50408935546875
303.1373,1648.6725,300.5393981933594
303.1373,1648.6792,300.5433044433594
303.1373,1648.6558,300.52960205078125
303.1373,1648.7513,300.5855712890625
303.1373,1648.6443,300.5228271484375
303.1373,1648.752,300.5859680175781
303.1373,1648.7421,300.58013916015625
303.1373,1648.6432,300.522216796875
303.1373,1648.7482,300.583740234375
303.1373,1648.7333,300.5749816894531
303.1373,1648.693,300.5513916015625
303.1373,1648.6985,300.5545959472656
303.1373,1648.7443,300.5814514160156
303.1373,1648.7963,300.6119384765625
303.1373,1648.6688,300.53717041015625
303.1373,1648.6147,300.5054931640625
303.1373,1648.6905,300.5499267578125
303.1373,1648.6576,300.5306396484375
303.1373,1648.8031,300.61590576171875
303.1373,1648.7085,300.56048583984375
303.1373,1648.7246,300.5699157714844
303.1373,1648.6372,300.5187072753906
303.1373,1648.657,300.5303039550781
303.1373,1648.7009,300.5559997558594
303.1373,1648.7335,300.57513427734375
303.1373,1648.7899,300.608154296875
303.1373,1648.731,300.5736389160156
303.1373,1648.637,300.5185852050781
303.1373,1648.717,300.5654602050781
303.1373,1648.5708,300.47979736328125
303.1373,1648.6539,300.52850341796875
303.1373,1648.6382,300.519287109375
303.1373,1648.7321,300.5743103027344
303.1373,1648.6573,300.53045654296875
303.1373,1648.7692,300.5960693359375
303.1373,1648.7291,300.5725402832031
303.1373,1648.7375,300.57745361328125
303.1373,1648.6047,300.4996337890625
303.1373,1648.6917,300.5506286621094
303.1373,1648.6865,300.54754638671875
303.1373,1648.7535,300.58685302734375
303.1373,1648.7853,300.6054382324219
303.1373,1648.7947,300.6109619140625
303.1373,1648.6813,300.5445251464844
303.1373,1648.7631,300.59246826171875
303.1373,1648.6651,300.5350341796875
303.1373,1648.8218,300.62689208984375
303.1373,1648.7083,300.56036376953125
310.5882,1659.6603,308.669189453125
310.5882,1659.7583,308.74298095703125
310.5882,1659.7612,308.7451477050781
310.5882,1659.6874,308.6895446777344
310.5882,1659.7278,308.719970703125
310.5882,1659.6979,308.69744873046875
310.5882,1659.5846,308.61212158203125
310.5882,1659.7596,308.74395751953125
310.5882,1659.687,308.68927001953125
310.5882,1659.7037,308.7018127441406
310.5882,1659.7569,308.7419128417969
310.5882,1659.7612,308.7451477050781
310.5882,1659.863,308.8218078613281
310.5882,1659.6839,308.6868896484375
310.5882,1659.8016,308.77557373046875
310.5882,1659.6766,308.6814270019531
310.5882,1659.7631,308.7465515136719
310.5882,1659.5886,308.6151123046875
310.5882,1659.7219,308.7155456542969
310.5882,1659.7633,308.7467041015625
310.5882,1659.7693,308.75128173828125
310.5882,1659.7729,308.7539367675781
310.5882,1659.7401,308.7292785644531
310.5882,1659.6969,308.69671630859375
310.5882,1659.7555,308.7408447265625
310.5882,1659.66,308.6689147949219
310.5882,1659.8449,308.8081970214844
310.5882,1659.8115,308.78302001953125
310.5882,1659.7609,308.7449035644531
310.5882,1659.8392,308.8039245605469
310.5882,1659.7417,308.7304382324219
310.5882,1659.7374,308.7272033691406
310.5882,1659.6679,308.67486572265625
310.5882,1659.7112,308.70745849609375
310.5882,1659.7045,308.7024230957031
310.5882,1659.7677,308.75006103515625
310.5882,1659.8287,308.7960205078125
310.5882,1659.7049,308.7027587890625
310.5882,1659.6659,308.6733703613281
310.5882,1659.6674,308.6744079589844
310.5882,1659.6665,308.6737976074219
310.5882,1659.6394,308.65338134765625
310.5882,1659.6223,308.6405029296875
310.5882,1659.8005,308.7747497558594
310.5882,1659.7989,308.7735900878906
310.5882,1659.7072,308.7044982910156
310.5882,1659.7942,308.77001953125
310.5882,1659.8095,308.7815246582031
310.5882,1659.7117,308.70782470703125
310.5882,1659.5683,308.5998229980469
318.0392,1670.2789,316.6683044433594
318.0392,1670.3365,316.7117004394531
318.0392,1670.3478,316.72021484375
318.0392,1670.327,316.70452880859375
318.0392,1670.2908,316.67724609375
318.0392,1670.4056,316.7637939453125
318.0392,1670.3027,316.68621826171875
318.0392,1670.3012,316.6850891113281
318.0392,1670.3792,316.7438659667969
318.0392,1670.3145,316.69512939453125
318.0392,1670.3298,316.7066345214844
318.0392,1670.389,316.7512512207031
318.0392,1670.1979,316.60723876953125
318.0392,1670.2995,316.6838073730469
318.0392,1670.3364,316.71160888671875
318.0392,1670.3707,316.7374267578125
318.0392,1670.2782,316.6678161621094
318.0392,1670.2971,316.6820373535156
318.0392,1670.3543,316.72509765625
318.0392,1670.4448,316.79327392578125
318.0392,1670.231,316.6322021484375
318.0392,1670.4096,316.7667541503906
318.0392,1670.4211,316.77545166015625
318.0392,1670.3983,316.75823974609375
318.0392,1670.3115,316.69287109375
318.0392,1670.2931,316.67901611328125
318.0392,1670.3897,316.7517395019531
318.0392,1670.3164,316.6965637207031
318.0392,1670.4369,316.787353515625
318.0392,1670.315,316.69549560546875
318.0392,1670.3452,316.71826171875
318.0392,1670.1905,316.6017150878906
318.0392,1670.4174,316.7726745605469
318.0392,1670.4118,316.7684326171875
318.0392,1670.3162,316.6963806152344
318.0392,1670.3761,316.74151611328125
318.0392,1670.3811,316.74530029296875
318.0392,1670.3394,316.7138366699219
318.0392,1670.3207,316.6998596191406
318.0392,1670.37,316.7369689941406
318.0392,1670.3483,316.7205505371094
318.0392,1670.3268,316.7043762207031
318.0392,1670.3093,316.69122314453125
318.0392,1670.4207,316.77508544921875
318.0392,1670.2338,316.63433837890625
318.0392,1670.471,316.8130187988281
318.0392,1670.2926,316.6786193847656
318.0392,1670.3003,316.68438720703125
318.0392,1670.3319,316.7082214355469
318.0392,1670.3123,316.6934814453125
325.4902,1680.5572,324.4111022949219
325.4902,1680.6219,324.4598693847656
325.4902,1680.4505,324.3307189941406
325.4902,1680.5713,324.4217529296875
325.4902,1680.4697,324.34521484375
325.4902,1680.5096,324.375244140625
325.4902,1680.5225,324.385009765625
325.4902,1680.4663,324.3426513671875
325.4902,1680.3868,324.28277587890625
325.4902,1680.558,324.4117431640625
325.4902,1680.5665,324.41815185546875
325.4902,1680.5523,324.40740966796875
325.4902,1680.4608,324.3385009765625
325.4902,1680.5594,324.41278076171875
325.4902,1680.4983,324.36676025390625
325.4902,1680.5065,324.3729248046875
325.4902,1680.5058,324.3724365234375
325.4902,1680.5161,324.380126953125
325.4902,1680.5513,324.4066467285156
325.4902,1680.4311,324.31610107421875
325.4902,1680.5289,324.3898010253906
325.4902,1680.4349,324.3189697265625
325.4902,1680.4952,324.36444091796875
325.4902,1680.4995,324.3676452636719
325.4902,1680.5146,324.3790283203125
325.4902,1680.6068,324.448486328125
325.4902,1680.4784,324.3517761230469
325.4902,1680.5368,324.395751953125
325.4902,1680.4628,324.3399658203125
325.4902,1680.4391,324.3221435546875
325.4902,1680.6007,324.44390869140625
325.4902,1680.4833,324.35546875
325.4902,1680.5281,324.3891906738281
325.4902,1680.5604,324.4135437011719
325.4902,1680.5934,324.4383850097656
325.4902,1680.5858,324.43267822265625
325.4902,1680.477,324.3507080078125
325.4902,1680.414,324.3032531738281
325.4902,1680.5838,324.4311218261719
325.4902,1680.6392,324.4728698730469
325.4902,1680.4726,324.347412109375
325.4902,1680.5676,324.41900634765625
325.4902,1680.5907,324.43634033203125
325.4902,1680.5669,324.4184265136719
325.4902,1680.4772,324.3508605957031
325.4902,1680.5653,324.417236328125
325.4902,1680.4821,324.3545227050781
325.4902,1680.5432,324.4006042480469
325.4902,1680.5284,324.3894348144531
325.4902,1680.5049,324.3717041015625
332.9412,1690.3153,331.898681640625
332.9412,1690.267,331.8603820800781
332.9412,1690.3527,331.9283142089844
332.9412,1690.341,331.9190673828125
332.9412,1690.2088,331.8142395019531
332.9412,1690.2734,331.865478515625
332.9412,1690.3178,331.90069580078125
332.9412,1690.3126,331.8965759277344
332.9412,1690.2927,331.8807678222656
332.9412,1690.3222,331.9041442871094
332.9412,1690.2953,331.8828430175781
332.9412,1690.2327,331.83319091796875
332.9412,1690.2991,331.8858642578125
332.9412,1690.3492,331.92559814453125
332.9412,1690.2925,331.880615234375
332.9412,1690.2863,331.87567138671875
332.9412,1690.2814,331.8717956542969
332.9412,1690.3565,331.9313659667969
332.9412,1690.265,331.8587951660156
332.9412,1690.3173,331.9002380371094
332.9412,1690.3558,331.9308166503906
332.9412,1690.3443,331.92169189453125
332.9412,1690.3919,331.95941162109375
332.9412,1690.2497,331.8466796875
332.9412,1690.3837,331.95294189453125
332.9412,1690.2659,331.8595275878906
332.9412,1690.3772,331.9477844238281
332.9412,1690.301,331.8873596191406
332.9412,1690.2104,331.8155212402344
332.9412,1690.2658,331.8594665527344
332.9412,1690.2653,331.8591003417969
332.9412,1690.2694,331.8622741699219
332.9412,1690.3539,331.9292907714844
332.9412,1690.1915,331.8005065917969
332.9412,1690.2903,331.8788757324219
332.9412,1690.2859,331.8753967285156
332.9412,1690.3093,331.89398193359375
332.9412,1690.1885,331.79815673828125
332.9412,1690.2691,331.862060546875
332.9412,1690.0966,331.7252502441406
332.9412,1690.3418,331.919677734375
332.9412,1690.2541,331.85015869140625
332.9412,1690.3089,331.8935852050781
332.9412,1690.339,331.91748046875
332.9412,1690.3356,331.914794921875
332.9412,1690.3847,331.95367431640625
332.9412,1690.2778,331.86895751953125
332.9412,1690.3753,331.9462585449219
332.9412,1690.229,331.83026123046875
332.9412,1690.4081,331.9722900390625
340.3922,1699.7514,339.38043212890625
340.3922,1699.6068,339.2657775878906
340.3922,1699.7217,339.3569030761719
340.3922,1699.7352,339.3675537109375
340.3922,1699.7144,339.35107421875
340.3922,1699.7168,339.3529968261719
340.3922,1699.6213,339.27728271484375
340.3922,1699.6366,339.2893981933594
340.3922,1699.6227,339.27838134765625
340.3922,1699.6791,339.32305908203125
340.3922,1699.6167,339.27362060546875
340.3922,1699.6599,339.3078918457031
340.3922,1699.6854,339.3280944824219
340.3922,1699.6024,339.26226806640625
340.3922,1699.7617,339.3885803222656
340.3922,1699.6705,339.3162536621094
340.3922,1699.6143,339.27166748046875
340.3922,1699.6764,339.32098388671875
340.3922,1699.721,339.3563232421875
340.3922,1699.6636,339.310791015625
340.3922,1699.6587,339.3069152832031
340.3922,1699.6595,339.3074951171875
340.3922,1699.6765,339.3210144042969
340.3922,1699.6258,339.2808532714844
340.3922,1699.702,339.3412780761719
340.3922,1699.5793,339.24395751953125
340.3922,1699.7178,339.3537902832031
340.3922,1699.7009,339.34039306640625
340.3922,1699.5973,339.25823974609375
340.3922,1699.6589,339.30706787109375
340.3922,1699.6583,339.30657958984375
340.3922,1699.7265,339.36065673828125
340.3922,1699.6984,339.33837890625
340.3922,1699.6647,339.3116760253906
340.3922,1699.6979,339.3379821777344
340.3922,1699.6618,339.3093566894531
340.3922,1699.6953,339.3359375
340.3922,1699.6361,339.28900146484375
340.3922,1699.6244,339.2796936035156
340.3922,1699.6682,339.3144226074219
340.3922,1699.6298,339.2840270996094
340.3922,1699.5524,339.2226867675781
340.3922,1699.7683,339.3938293457031
340.3922,1699.6639,339.31103515625
340.3922,1699.7527,339.3814697265625
340.3922,1699.7035,339.3424377441406
340.3922,1699.6579,339.3063049316406
340.3922,1699.6252,339.2803649902344
340.3922,1699.6947,339.3354187011719
340.3922,1699.6817,339.3252258300781
347.8431,1708.6562,346.44085693359375
347.8431,1708.7509,346.5159606933594
347.8431,1708.6092,346.4036560058594
347.8431,1708.5426,346.350830078125
347.8431,1708.5932,346.39093017578125
347.8431,1708.5583,346.3633117675781
347.8431,1708.5753,346.376708984375
347.8431,1708.5592,346.3639831542969
347.8431,1708.6726,346.45391845703125
347.8431,1708.6013,346.3973693847656
347.8431,1708.4464,346.2745361328125
347.8431,1708.6148,346.4080810546875
347.8431,1708.5616,346.3658447265625
347.8431,1708.6793,346.4591979980469
347.8431,1708.5748,346.3763427734375
347.8431,1708.5475,346.3547058105469
347.8431,1708.6547,346.439697265625
347.8431,1708.6424,346.429931640625
347.8431,1708.575,346.3764953613281
347.8431,1708.5628,346.3668212890625
347.8431,1708.4667,346.2906188964844
347.8431,1708.555,346.36065673828125
347.8431,1708.6234,346.41485595703125
347.8431,1708.6389,346.4271240234375
347.8431,1708.6315,346.4212951660156
347.8431,1708.5894,346.3879089355469
347.8431,1708.6407,346.4285583496094
347.8431,1708.5095,346.3245849609375
347.8431,1708.5985,346.3951416015625
347.8431,1708.5563,346.3616638183594
347.8431,1708.6854,346.46405029296875
347.8431,1708.5421,346.3503723144531
347.8431,1708.6066,346.4015197753906
347.8431,1708.5595,346.36419677734375
347.8431,1708.5231,346.3353576660156
347.8431,1708.5083,346.3236083984375
347.8431,1708.626,346.41693115234375
347.8431,1708.5387,346.3477478027344
347.8431,1708.6174,346.4101257324219
347.8431,1708.5943,346.3918151855469
347.8431,1708.5649,346.36846923828125
347.8431,1708.6183,346.41082763671875
347.8431,1708.5901,346.38848876953125
347.8431,1708.5392,346.34808349609375
347.8431,1708.5265,346.3380432128906
347.8431,1708.62,346.4122009277344
347.8431,1708.5565,346.3618469238281
347.8431,1708.7782,346.53759765625
347.8431,1708.5948,346.3921813964844
347.8431,1708.5587,346.3636169433594
355.2941,1717.0182,353.0709533691406
355.2941,1717.084,353.1231384277344
355.2941,1717.149,353.1746826171875
355.2941,1717.0487,353.09515380859375
355.2941,1717.1621,353.18505859375
355.2941,1717.0603,353.1043395996094
355.2941,1717.1719,353.19281005859375
355.2941,1717.0924,353.1297912597656
355.2941,1717.0142,353.06781005859375
355.2941,1717.1446,353.17120361328125
355.2941,1717.1531,353.1779479980469
355.2941,1717.1342,353.1629638671875
355.2941,1717.2244,353.2344970703125
355.2941,1717.0892,353.1273193359375
355.2941,1717.127,353.1572265625
355.2941,1717.0822,353.1217041015625
355.2941,1717.0174,353.0703430175781
355.2941,1717.229,353.2381286621094
355.2941,1717.1719,353.19281005859375
355.2941,1717.1676,353.1894226074219
355.2941,1717.0308,353.0809326171875
355.2941,1717.1411,353.1684875488281
355.2941,1717.0832,353.12249755859375
355.2941,1717.0084,353.063232421875
355.2941,1717.1076,353.141845703125
355.2941,1717.0833,353.1225891113281
355.2941,1717.0733,353.1146545410156
355.2941,1717.087,353.12554931640625
355.2941,1717.2045,353.21868896484375
355.2941,1717.1167,353.1490783691406
355.2941,1717.1614,353.1845397949219
355.2941,1717.0934,353.13055419921875
355.2941,1717.1122,353.1455078125
355.2941,1717.0977,353.1340026855469
355.2941,1717.0708,353.1126708984375
355.2941,1717.0948,353.1317138671875
355.2941,1717.203,353.2174987792969
355.2941,1717.1031,353.1382751464844
355.2941,1717.1057,353.1403503417969
355.2941,1717.1564,353.1805419921875
355.2941,1717.0854,353.1242980957031
355.2941,1717.1741,353.1946105957031
355.2941,1717.0989,353.1349792480469
355.2941,1717.1306,353.1600341796875
355.2941,1717.0648,353.1079406738281
355.2941,1717.0484,353.09490966796875
355.2941,1717.1158,353.1483459472656
355.2941,1717.1267,353.1569519042969
355.2941,1717.0605,353.1045227050781
355.2941,1717.098,353.1342468261719
362.7451,1725.2193,360.8603210449219
362.7451,1725.1536,360.7910461425781
362.7451,1725.2583,360.9013366699219
362.7451,1725.249,360.8914794921875
362.7451,1725.2007,360.8406982421875
362.7451,1725.302,360.94732666015625
362.7451,1725.1638,360.80181884765625
362.7451,1725.1846,360.8236999511719
362.7451,1725.1675,360.8057556152344
362.7451,1725.2107,360.8511962890625
362.7451,1725.2535,360.896240234375
362.7451,1725.2392,360.8811950683594
362.7451,1725.2975,360.94256591796875
362.7451,1725.2851,360.92950439453125
362.7451,1725.1656,360.8037414550781
362.7451,1725.1082,360.7432556152344
362.7451,1725.1927,360.8322448730469
362.7451,1725.1905,360.8299255371094
362.7451,1725.227,360.8683776855469
362.7451,1725.247,360.8893737792969
362.7451,1725.2199,360.8608703613281
362.7451,1725.1888,360.8281555175781
362.7451,1725.2118,360.8523254394531
362.7451,1725.1838,360.8228759765625
362.7451,1725.1515,360.7888488769531
362.7451,1725.2713,360.9150085449219
362.7451,1725.1921,360.8316345214844
362.7451,1725.2242,360.86541748046875
362.7451,1725.2569,360.8998107910156
362.7451,1725.2076,360.8479919433594
362.7451,1725.1048,360.7397155761719
362.7451,1725.2573,360.90020751953125
362.7451,1725.2223,360.8634033203125
362.7451,1725.2391,360.8810729980469
362.7451,1725.1629,360.80084228515625
362.7451,1725.1386,360.7752685546875
362.7451,1725.2641,360.90740966796875
362.7451,1725.235,360.8768005371094
362.7451,1725.2092,360.8495788574219
362.7451,1725.2578,360.9007263183594
362.7451,1725.2382,360.8800964355469
362.7451,1725.2239,360.86505126953125
362.7451,1725.2581,360.9010925292969
362.7451,1725.2559,360.8987731933594
362.7451,1725.2877,360.9322814941406
362.7451,1725.1907,360.83013916015625
362.7451,1725.2189,360.8598327636719
362.7451,1725.0705,360.7036437988281
362.7451,1725.202,360.8420104980469
362.7451,1725.271,360.9146728515625
370.1961,1732.9571,369.00531005859375
370.1961,1732.9367,368.98382568359375
370.1961,1732.892,368.936767578125
370.1961,1732.8661,368.9095153808594
370.1961,1732.8782,368.9222412109375
370.1961,1732.8983,368.9433898925781
370.1961,1732.8958,368.9407958984375
370.1961,1732.8938,368.93865966796875
370.1961,1732.9031,368.9483947753906
370.1961,1732.8612,368.90435791015625
370.1961,1732.8968,368.9418029785156
370.1961,1732.9557,369.0038757324219
370.1961,1732.9655,369.01416015625
370.1961,1732.9273,368.97393798828125
370.1961,1732.8158,368.8565673828125
370.1961,1732.9359,368.9830017089844
370.1961,1732.9157,368.96173095703125
370.1961,1732.8227,368.8638610839844
370.1961,1732.969,369.017822265625
370.1961,1732.8487,368.8912048339844
370.1961,1732.8442,368.8864440917969
370.1961,1732.9053,368.9507751464844
370.1961,1732.8282,368.8695983886719
370.1961,1732.8509,368.8935241699219
370.1961,1732.9417,368.98907470703125
370.1961,1732.8431,368.8852844238281
370.1961,1732.8367,368.8785400390625
370.1961,1732.9027,368.9480895996094
370.1961,1732.8491,368.8916320800781
370.1961,1732.8453,368.8876647949219
370.1961,1732.913,368.9588317871094
370.1961,1732.8122,368.8527526855469
370.1961,1732.9871,369.036865234375
370.1961,1732.9319,368.978759765625
370.1961,1732.873,368.9167175292969
370.1961,1732.9547,369.0027770996094
370.1961,1732.8624,368.9056091308594
370.1961,1732.9169,368.9629821777344
370.1961,1732.7978,368.8376159667969
370.1961,1732.9743,369.0234375
370.1961,1732.9424,368.98980712890625
370.1961,1732.8946,368.9394836425781
370.1961,1732.9294,368.97613525390625
370.1961,1732.8611,368.9041748046875
370.1961,1732.9235,368.9699401855469
370.1961,1732.8357,368.87750244140625
370.1961,1732.8113,368.851806640625
370.1961,1732.8812,368.9254150390625
370.1961,1732.8262,368.8675537109375
370.1961,1732.857,368.8999938964844
377.6471,1740.1882,376.6169738769531
377.6471,1740.1991,376.62847900390625
377.6471,1740.1654,376.59295654296875
377.6471,1740.1622,376.58966064453125
377.6471,1740.1092,376.5338439941406
377.6471,1740.0966,376.52056884765625
377.6471,1740.2155,376.64569091796875
377.6471,1740.1271,376.55267333984375
377.6471,1740.1492,376.5759582519531
377.6471,1740.1513,376.578125
377.6471,1740.1463,376.5728759765625
377.6471,1740.1422,376.56854248046875
377.6471,1740.1458,376.5723571777344
377.6471,1740.131,376.5567626953125
377.6471,1740.1193,376.54449462890625
377.6471,1740.217,376.6473083496094
377.6471,1740.1112,376.53594970703125
377.6471,1740.1659,376.5934753417969
377.6471,1740.0845,376.5078125
377.6471,1740.1349,376.5608825683594
377.6471,1740.1334,376.5592956542969
377.6471,1740.1123,376.537109375
377.6471,1740.1023,376.5265808105469
377.6471,1740.0859,376.50927734375
377.6471,1740.1412,376.5675048828125
377.6471,1740.1439,376.57037353515625
377.6471,1740.0913,376.51495361328125
377.6471,1740.1459,376.57244873046875
377.6471,1740.0962,376.5201110839844
377.6471,1740.1163,376.5412902832031
377.6471,1740.1729,376.6008605957031
377.6471,1740.1594,376.5867004394531
377.6471,1740.131,376.5567626953125
377.6471,1740.1867,376.61541748046875
377.6471,1740.0802,376.5033264160156
377.6471,1740.0938,376.5176086425781
377.6471,1740.057,376.47882080078125
377.6471,1740.1435,376.5699462890625
377.6471,1740.2153,376.64544677734375
377.6471,1740.1523,376.5792236328125
377.6471,1740.1597,376.5869140625
377.6471,1740.1331,376.5589294433594
377.6471,1740.2502,376.6822509765625
377.6471,1740.1163,376.5412902832031
377.6471,1740.2265,376.6573486328125
377.6471,1740.1571,376.5842590332031
377.6471,1740.1656,376.59320068359375
377.6471,1740.2242,376.6548767089844
377.6471,1740.1205,376.5456848144531
377.6471,1740.1163,376.5412902832031
385.098,1746.9492,383.73382568359375
385.098,1746.9736,383.7594909667969
385.098,1747.013,383.8009948730469
385.098,1747.0611,383.8515930175781
385.098,1747.002,383.7893981933594
385.098,1747.1025,383.8951721191406
385.098,1746.9597,383.744873046875
385.098,1746.9599,383.74505615234375
385.098,1746.9717,383.75750732421875
385.098,1746.9903,383.777099609375
385.098,1747.0001,383.7874450683594
385.098,1746.9601,383.7453308105469
385.098,1747.0342,383.8232727050781
385.098,1746.9805,383.7667541503906
385.098,1746.9039,383.68609619140625
385.098,1747.0221,383.8105163574219
385.098,1746.944,383.72833251953125
385.098,1747.0821,383.8736877441406
385.098,1746.9925,383.7793884277344
385.098,1746.983,383.7693786621094
385.098,1746.8866,383.66796875
385.098,1747.0601,383.8505859375
385.098,1746.9699,383.755615234375
385.098,1746.9578,383.74285888671875
385.098,1747.0286,383.8174133300781
385.098,1747.0108,383.79864501953125
385.098,1746.9699,383.755615234375
385.098,1747.0134,383.8013610839844
385.098,1747.0353,383.82440185546875
385.098,1747.0263,383.81500244140625
385.098,1746.986,383.77252197265625
385.098,1747.0038,383.791259765625
385.098,1746.879,383.6599426269531
385.098,1746.9962,383.7832946777344
385.098,1746.9548,383.73968505859375
385.098,1747.0596,383.8500671386719
385.098,1747.0225,383.8109436035156
385.098,1747.0051,383.79266357421875
385.098,1746.9044,383.68670654296875
385.098,1746.9811,383.76739501953125
385.098,1746.9729,383.7587585449219
385.098,1746.9733,383.7591857910156
385.098,1747.0519,383.8419189453125
385.098,1746.9539,383.73876953125
385.098,1747.0465,383.83624267578125
385.098,1747.0394,383.8287658691406
385.098,1746.9263,383.709716796875
385.098,1746.9697,383.7554016113281
385.098,1746.9606,383.74578857421875
385.098,1746.9997,383.7869567871094
392.549,1753.4071,390.5316467285156
392.549,1753.3976,390.5216369628906
392.549,1753.3781,390.5010681152344
392.549,1753.3895,390.5130920410156
392.549,1753.4566,390.583740234375
392.549,1753.511,390.6410217285156
392.549,1753.4316,390.557373046875
392.549,1753.4243,390.54974365234375
392.549,1753.3706,390.49322509765625
392.549,1753.4737,390.6017150878906
392.549,1753.4043,390.5286560058594
392.549,1753.4419,390.5682678222656
392.549,1753.428,390.5536193847656
392.549,1753.456,390.5830993652344
392.549,1753.3679,390.4903259277344
392.549,1753.407,390.5315246582031
392.549,1753.4029,390.5271301269531
392.549,1753.4395,390.565673828125
392.549,1753.4573,390.5844421386719
392.549,1753.4447,390.5711975097656
392.549,1753.4324,390.5582275390625
392.549,1753.4326,390.5584411621094
392.549,1753.4367,390.56280517578125
392.549,1753.5052,390.6349182128906
392.549,1753.4122,390.5369873046875
392.549,1753.4057,390.5301818847656
392.549,1753.4762,390.60430908203125
392.549,1753.3431,390.4642639160156
392.549,1753.3743,390.4971008300781
392.549,1753.4051,390.5295104980469
392.549,1753.382,390.50518798828125
392.549,1753.4335,390.55938720703125
392.549,1753.4502,390.5770263671875
392.549,1753.4568,390.5838928222656
392.549,1753.4217,390.5469665527344
392.549,1753.4036,390.5279541015625
392.549,1753.3806,390.50372314453125
392.549,1753.4256,390.55108642578125
392.549,1753.4426,390.5690002441406
392.549,1753.4911,390.6200256347656
392.549,1753.3832,390.5065002441406
392.549,1753.3672,390.4895935058594
392.549,1753.4343,390.5602111816406
392.549,1753.4956,390.6247863769531
392.549,1753.48,390.6083679199219
392.549,1753.4193,390.5444641113281
392.549,1753.3988,390.5229187011719
392.549,1753.4847,390.61328125
392.549,1753.4143,390.5391845703125
392.549,1753.424,390.5494079589844
400.0,1759.3997,396.8218688964844
400.0,1759.3977,396.81982421875
400.0,1759.4613,396.8851318359375
400.0,1759.4868,396.91131591796875
400.0,1759.5037,396.92864990234375
400.0,1759.4532,396.8768310546875
400.0,1759.4211,396.8438415527344
400.0,1759.4046,396.826904296875
400.0,1759.3248,396.7449645996094
400.0,1759.4272,396.8501281738281
400.0,1759.4237,396.8465576171875
400.0,1759.4196,396.84228515625
400.0,1759.451,396.87451171875
400.0,1759.4625,396.8863525390625
400.0,1759.431,396.85400390625
400.0,1759.513,396.93817138671875
400.0,1759.4183,396.8409423828125
400.0,1759.4105,396.8329162597656
400.0,1759.4276,396.8505554199219
400.0,1759.4127,396.8352355957031
400.0,1759.4684,396.8923645019531
400.0,1759.4606,396.8844299316406
400.0,1759.4403,396.8635559082031
400.0,1759.4978,396.9225769042969
400.0,1759.5114,396.93658447265625
400.0,1759.3933,396.8153381347656
400.0,1759.3883,396.8101501464844
400.0,1759.4418,396.8650817871094
400.0,1759.4531,396.87677001953125
400.0,1759.4121,396.83465576171875
400.0,1759.4117,396.83416748046875
400.0,1759.4434,396.86669921875
400.0,1759.4387,396.86187744140625
400.0,1759.5284,396.9540710449219
400.0,1759.4362,396.8594055175781
400.0,1759.4565,396.88018798828125
400.0,1759.3547,396.775634765625
400.0,1759.4216,396.8443603515625
400.0,1759.4446,396.8679504394531
400.0,1759.4091,396.8315124511719
400.0,1759.4234,396.8462219238281
400.0,1759.4259,396.84881591796875
400.0,1759.4993,396.9241027832031
400.0,1759.4163,396.83892822265625
400.0,1759.4439,396.8672180175781
400.0,1759.538,396.9638977050781
400.0,1759.4826,396.9070129394531
400.0,1759.456,396.87969970703125
400.0,1759.4559,396.87957763671875
400.0,1759.402,396.82421875
